"family_name"	"BigTree_ML"	"BigTree_ME"	"Supermatrix_ML"	"Supermatrix_ME"	"Supertree_ML"	"Supertree_ME"	"family_group"
"avg_branchlen_0.7_protein_family_001.sub"	626000	31300	74532	715	148100	2000	"rerun_sim_b_factor_3.5_avg_branchlen_0.7_from_11th_17th_20th_22th_and_23th_50_fams_25_species"
"avg_branchlen_0.7_protein_family_002.sub"	503000	31700	75848	1033	163400	2264	"rerun_sim_b_factor_3.5_avg_branchlen_0.7_from_11th_17th_20th_22th_and_23th_50_fams_25_species"
"avg_branchlen_0.7_protein_family_003.sub"	627000	36900	73534	716	149800	2041	"rerun_sim_b_factor_3.5_avg_branchlen_0.7_from_11th_17th_20th_22th_and_23th_50_fams_25_species"
"avg_branchlen_0.7_protein_family_004.sub"	592000	29500	79400	1557	141000	1907	"rerun_sim_b_factor_3.5_avg_branchlen_0.7_from_11th_17th_20th_22th_and_23th_50_fams_25_species"
"avg_branchlen_0.7_protein_family_005.sub"	631000	36100	59076	750	154200	1916	"rerun_sim_b_factor_3.5_avg_branchlen_0.7_from_11th_17th_20th_22th_and_23th_50_fams_25_species"
"avg_branchlen_0.7_protein_family_006.sub"	647000	36300	72799	932	150000	1958	"rerun_sim_b_factor_3.5_avg_branchlen_0.7_from_11th_17th_20th_22th_and_23th_50_fams_25_species"
"avg_branchlen_0.7_protein_family_007.sub"	562000	36400	84615	749	159300	1981	"rerun_sim_b_factor_3.5_avg_branchlen_0.7_from_11th_17th_20th_22th_and_23th_50_fams_25_species"
"avg_branchlen_0.7_protein_family_008.sub"	779000	36100	77400	1664	169400	2002	"rerun_sim_b_factor_3.5_avg_branchlen_0.7_from_11th_17th_20th_22th_and_23th_50_fams_25_species"
"avg_branchlen_0.7_protein_family_009.sub"	609000	36100	81615	787	173700	2014	"rerun_sim_b_factor_3.5_avg_branchlen_0.7_from_11th_17th_20th_22th_and_23th_50_fams_25_species"
"avg_branchlen_0.7_protein_family_010.sub"	638000	36100	68200	1319	179000	2211	"rerun_sim_b_factor_3.5_avg_branchlen_0.7_from_11th_17th_20th_22th_and_23th_50_fams_25_species"
"avg_branchlen_0.7_protein_family_011.sub"	668000	36800	84629	792	159200	2241	"rerun_sim_b_factor_3.5_avg_branchlen_0.7_from_11th_17th_20th_22th_and_23th_50_fams_25_species"
"avg_branchlen_0.7_protein_family_012.sub"	664000	29800	77593	753	171400	1965	"rerun_sim_b_factor_3.5_avg_branchlen_0.7_from_11th_17th_20th_22th_and_23th_50_fams_25_species"
"avg_branchlen_0.7_protein_family_013.sub"	552000	36500	62744	855	177000	2379	"rerun_sim_b_factor_3.5_avg_branchlen_0.7_from_11th_17th_20th_22th_and_23th_50_fams_25_species"
"avg_branchlen_0.7_protein_family_014.sub"	689000	28900	72569	709	162000	2513	"rerun_sim_b_factor_3.5_avg_branchlen_0.7_from_11th_17th_20th_22th_and_23th_50_fams_25_species"
"avg_branchlen_0.7_protein_family_015.sub"	692000	30200	79513	684	168600	2799	"rerun_sim_b_factor_3.5_avg_branchlen_0.7_from_11th_17th_20th_22th_and_23th_50_fams_25_species"
"avg_branchlen_0.7_protein_family_016.sub"	576000	36000	96526	688	148000	2369	"rerun_sim_b_factor_3.5_avg_branchlen_0.7_from_11th_17th_20th_22th_and_23th_50_fams_25_species"
"avg_branchlen_0.7_protein_family_017.sub"	649000	37600	71833	947	146500	1872	"rerun_sim_b_factor_3.5_avg_branchlen_0.7_from_11th_17th_20th_22th_and_23th_50_fams_25_species"
"avg_branchlen_0.7_protein_family_018.sub"	627000	37400	77500	1619	151100	2328	"rerun_sim_b_factor_3.5_avg_branchlen_0.7_from_11th_17th_20th_22th_and_23th_50_fams_25_species"
"avg_branchlen_0.7_protein_family_019.sub"	791000	37200	68630	777	163500	1896	"rerun_sim_b_factor_3.5_avg_branchlen_0.7_from_11th_17th_20th_22th_and_23th_50_fams_25_species"
"avg_branchlen_0.7_protein_family_020.sub"	539000	30100	77654	794	156900	2141	"rerun_sim_b_factor_3.5_avg_branchlen_0.7_from_11th_17th_20th_22th_and_23th_50_fams_25_species"
"avg_branchlen_0.7_protein_family_021.sub"	436000	37800	71755	873	160900	2150	"rerun_sim_b_factor_3.5_avg_branchlen_0.7_from_11th_17th_20th_22th_and_23th_50_fams_25_species"
"avg_branchlen_0.7_protein_family_022.sub"	533000	36800	68822	939	185700	1963	"rerun_sim_b_factor_3.5_avg_branchlen_0.7_from_11th_17th_20th_22th_and_23th_50_fams_25_species"
"avg_branchlen_0.7_protein_family_023.sub"	616000	36700	77500	1638	145600	2231	"rerun_sim_b_factor_3.5_avg_branchlen_0.7_from_11th_17th_20th_22th_and_23th_50_fams_25_species"
"avg_branchlen_0.7_protein_family_024.sub"	521000	37300	61752	870	141400	2159	"rerun_sim_b_factor_3.5_avg_branchlen_0.7_from_11th_17th_20th_22th_and_23th_50_fams_25_species"
"avg_branchlen_0.7_protein_family_025.sub"	694000	37300	74500	1673	155300	2101	"rerun_sim_b_factor_3.5_avg_branchlen_0.7_from_11th_17th_20th_22th_and_23th_50_fams_25_species"
"avg_branchlen_0.7_protein_family_026.sub"	610000	36600	78850	1038	164000	2444	"rerun_sim_b_factor_3.5_avg_branchlen_0.7_from_11th_17th_20th_22th_and_23th_50_fams_25_species"
"avg_branchlen_0.7_protein_family_027.sub"	620000	30300	93200	1524	160900	1842	"rerun_sim_b_factor_3.5_avg_branchlen_0.7_from_11th_17th_20th_22th_and_23th_50_fams_25_species"
"avg_branchlen_0.7_protein_family_028.sub"	688000	37600	74873	1079	149400	2129	"rerun_sim_b_factor_3.5_avg_branchlen_0.7_from_11th_17th_20th_22th_and_23th_50_fams_25_species"
"avg_branchlen_0.7_protein_family_029.sub"	638000	36100	66400	1517	171300	2051	"rerun_sim_b_factor_3.5_avg_branchlen_0.7_from_11th_17th_20th_22th_and_23th_50_fams_25_species"
"avg_branchlen_0.7_protein_family_030.sub"	6e+05	36000	72100	1242	160200	1963	"rerun_sim_b_factor_3.5_avg_branchlen_0.7_from_11th_17th_20th_22th_and_23th_50_fams_25_species"
"avg_branchlen_0.7_protein_family_031.sub"	633000	36700	78844	1028	163700	2342	"rerun_sim_b_factor_3.5_avg_branchlen_0.7_from_11th_17th_20th_22th_and_23th_50_fams_25_species"
"avg_branchlen_0.7_protein_family_032.sub"	555000	36300	62810	994	163500	2341	"rerun_sim_b_factor_3.5_avg_branchlen_0.7_from_11th_17th_20th_22th_and_23th_50_fams_25_species"
"avg_branchlen_0.7_protein_family_033.sub"	635000	36200	80654	780	166200	2118	"rerun_sim_b_factor_3.5_avg_branchlen_0.7_from_11th_17th_20th_22th_and_23th_50_fams_25_species"
"avg_branchlen_0.7_protein_family_034.sub"	591000	29100	60321	1023	144500	2110	"rerun_sim_b_factor_3.5_avg_branchlen_0.7_from_11th_17th_20th_22th_and_23th_50_fams_25_species"
"avg_branchlen_0.7_protein_family_035.sub"	528000	36400	67623	745	167100	2451	"rerun_sim_b_factor_3.5_avg_branchlen_0.7_from_11th_17th_20th_22th_and_23th_50_fams_25_species"
"avg_branchlen_0.7_protein_family_036.sub"	756000	29900	72614	728	166800	2058	"rerun_sim_b_factor_3.5_avg_branchlen_0.7_from_11th_17th_20th_22th_and_23th_50_fams_25_species"
"avg_branchlen_0.7_protein_family_037.sub"	606000	30000	64564	721	161900	2143	"rerun_sim_b_factor_3.5_avg_branchlen_0.7_from_11th_17th_20th_22th_and_23th_50_fams_25_species"
"avg_branchlen_0.7_protein_family_038.sub"	631000	30200	73584	717	168700	2569	"rerun_sim_b_factor_3.5_avg_branchlen_0.7_from_11th_17th_20th_22th_and_23th_50_fams_25_species"
"avg_branchlen_0.7_protein_family_039.sub"	628000	36300	75552	727	149300	2108	"rerun_sim_b_factor_3.5_avg_branchlen_0.7_from_11th_17th_20th_22th_and_23th_50_fams_25_species"
"avg_branchlen_0.7_protein_family_040.sub"	681000	31500	74608	757	147000	2221	"rerun_sim_b_factor_3.5_avg_branchlen_0.7_from_11th_17th_20th_22th_and_23th_50_fams_25_species"
"avg_branchlen_0.7_protein_family_041.sub"	706000	38400	76517	660	151200	1940	"rerun_sim_b_factor_3.5_avg_branchlen_0.7_from_11th_17th_20th_22th_and_23th_50_fams_25_species"
"avg_branchlen_0.7_protein_family_042.sub"	596000	36100	71400	1532	127700	2109	"rerun_sim_b_factor_3.5_avg_branchlen_0.7_from_11th_17th_20th_22th_and_23th_50_fams_25_species"
"avg_branchlen_0.7_protein_family_043.sub"	697000	36200	62400	1537	143800	2090	"rerun_sim_b_factor_3.5_avg_branchlen_0.7_from_11th_17th_20th_22th_and_23th_50_fams_25_species"
"avg_branchlen_0.7_protein_family_044.sub"	602000	36300	88100	1228	183900	2210	"rerun_sim_b_factor_3.5_avg_branchlen_0.7_from_11th_17th_20th_22th_and_23th_50_fams_25_species"
"avg_branchlen_0.7_protein_family_045.sub"	662000	36700	62820	941	168700	2137	"rerun_sim_b_factor_3.5_avg_branchlen_0.7_from_11th_17th_20th_22th_and_23th_50_fams_25_species"
"avg_branchlen_0.7_protein_family_046.sub"	690000	38800	102606	750	195200	2500	"rerun_sim_b_factor_3.5_avg_branchlen_0.7_from_11th_17th_20th_22th_and_23th_50_fams_25_species"
"avg_branchlen_0.7_protein_family_047.sub"	552000	35700	74807	1016	158000	2012	"rerun_sim_b_factor_3.5_avg_branchlen_0.7_from_11th_17th_20th_22th_and_23th_50_fams_25_species"
"avg_branchlen_0.7_protein_family_048.sub"	630000	37600	70851	1033	139600	2168	"rerun_sim_b_factor_3.5_avg_branchlen_0.7_from_11th_17th_20th_22th_and_23th_50_fams_25_species"
"avg_branchlen_0.7_protein_family_049.sub"	519000	36300	76400	1673	157300	2059	"rerun_sim_b_factor_3.5_avg_branchlen_0.7_from_11th_17th_20th_22th_and_23th_50_fams_25_species"
"avg_branchlen_0.7_protein_family_050.sub"	521000	35800	77400	1547	168300	1980	"rerun_sim_b_factor_3.5_avg_branchlen_0.7_from_11th_17th_20th_22th_and_23th_50_fams_25_species"
"avg_branchlen_0.7_protein_family_051.sub"	635000	35800	66535	651	161900	2242	"rerun_sim_b_factor_3.5_avg_branchlen_0.7_from_11th_17th_20th_22th_and_23th_50_fams_25_species"
"avg_branchlen_0.7_protein_family_052.sub"	742000	31000	77551	738	160900	2237	"rerun_sim_b_factor_3.5_avg_branchlen_0.7_from_11th_17th_20th_22th_and_23th_50_fams_25_species"
"avg_branchlen_0.7_protein_family_053.sub"	608000	36100	68566	820	154100	2077	"rerun_sim_b_factor_3.5_avg_branchlen_0.7_from_11th_17th_20th_22th_and_23th_50_fams_25_species"
"avg_branchlen_0.7_protein_family_054.sub"	612000	37000	74523	659	160200	1938	"rerun_sim_b_factor_3.5_avg_branchlen_0.7_from_11th_17th_20th_22th_and_23th_50_fams_25_species"
"avg_branchlen_0.7_protein_family_055.sub"	660000	36400	61675	821	143800	2209	"rerun_sim_b_factor_3.5_avg_branchlen_0.7_from_11th_17th_20th_22th_and_23th_50_fams_25_species"
"avg_branchlen_0.7_protein_family_056.sub"	551000	36100	76400	1557	168100	2634	"rerun_sim_b_factor_3.5_avg_branchlen_0.7_from_11th_17th_20th_22th_and_23th_50_fams_25_species"
"avg_branchlen_0.7_protein_family_057.sub"	726000	30000	83817	982	162300	2229	"rerun_sim_b_factor_3.5_avg_branchlen_0.7_from_11th_17th_20th_22th_and_23th_50_fams_25_species"
"avg_branchlen_0.7_protein_family_058.sub"	574000	30000	74569	707	138700	2062	"rerun_sim_b_factor_3.5_avg_branchlen_0.7_from_11th_17th_20th_22th_and_23th_50_fams_25_species"
"avg_branchlen_0.7_protein_family_059.sub"	556000	37300	87756	937	158400	1986	"rerun_sim_b_factor_3.5_avg_branchlen_0.7_from_11th_17th_20th_22th_and_23th_50_fams_25_species"
"avg_branchlen_0.7_protein_family_060.sub"	561000	36800	74200	1438	164700	2166	"rerun_sim_b_factor_3.5_avg_branchlen_0.7_from_11th_17th_20th_22th_and_23th_50_fams_25_species"
"avg_branchlen_0.7_protein_family_061.sub"	687000	35900	81400	1577	165100	2040	"rerun_sim_b_factor_3.5_avg_branchlen_0.7_from_11th_17th_20th_22th_and_23th_50_fams_25_species"
"avg_branchlen_0.7_protein_family_062.sub"	556000	37000	64400	1514	149000	2194	"rerun_sim_b_factor_3.5_avg_branchlen_0.7_from_11th_17th_20th_22th_and_23th_50_fams_25_species"
"avg_branchlen_0.7_protein_family_063.sub"	727000	36800	60526	798	163400	2223	"rerun_sim_b_factor_3.5_avg_branchlen_0.7_from_11th_17th_20th_22th_and_23th_50_fams_25_species"
"avg_branchlen_0.7_protein_family_064.sub"	568000	36200	63400	1514	168500	2437	"rerun_sim_b_factor_3.5_avg_branchlen_0.7_from_11th_17th_20th_22th_and_23th_50_fams_25_species"
"avg_branchlen_0.7_protein_family_065.sub"	915000	36600	66400	1516	159000	2301	"rerun_sim_b_factor_3.5_avg_branchlen_0.7_from_11th_17th_20th_22th_and_23th_50_fams_25_species"
"avg_branchlen_0.7_protein_family_066.sub"	610000	31300	88100	1268	170300	2212	"rerun_sim_b_factor_3.5_avg_branchlen_0.7_from_11th_17th_20th_22th_and_23th_50_fams_25_species"
"avg_branchlen_0.7_protein_family_067.sub"	674000	30000	88786	925	176000	2014	"rerun_sim_b_factor_3.5_avg_branchlen_0.7_from_11th_17th_20th_22th_and_23th_50_fams_25_species"
"avg_branchlen_0.7_protein_family_068.sub"	680000	36900	88552	723	169000	1959	"rerun_sim_b_factor_3.5_avg_branchlen_0.7_from_11th_17th_20th_22th_and_23th_50_fams_25_species"
"avg_branchlen_0.7_protein_family_069.sub"	615000	31200	75762	932	166400	2174	"rerun_sim_b_factor_3.5_avg_branchlen_0.7_from_11th_17th_20th_22th_and_23th_50_fams_25_species"
"avg_branchlen_0.7_protein_family_070.sub"	555000	37500	89593	772	174100	2226	"rerun_sim_b_factor_3.5_avg_branchlen_0.7_from_11th_17th_20th_22th_and_23th_50_fams_25_species"
"avg_branchlen_0.7_protein_family_071.sub"	587000	36200	62629	746	148300	1857	"rerun_sim_b_factor_3.5_avg_branchlen_0.7_from_11th_17th_20th_22th_and_23th_50_fams_25_species"
"avg_branchlen_0.7_protein_family_072.sub"	569000	35600	60882	996	143300	2146	"rerun_sim_b_factor_3.5_avg_branchlen_0.7_from_11th_17th_20th_22th_and_23th_50_fams_25_species"
"avg_branchlen_0.7_protein_family_073.sub"	799000	36500	73513	645	162500	2092	"rerun_sim_b_factor_3.5_avg_branchlen_0.7_from_11th_17th_20th_22th_and_23th_50_fams_25_species"
"avg_branchlen_0.7_protein_family_074.sub"	632000	37900	88841	1034	151400	2258	"rerun_sim_b_factor_3.5_avg_branchlen_0.7_from_11th_17th_20th_22th_and_23th_50_fams_25_species"
"avg_branchlen_0.7_protein_family_075.sub"	644000	36800	76500	1637	151100	1981	"rerun_sim_b_factor_3.5_avg_branchlen_0.7_from_11th_17th_20th_22th_and_23th_50_fams_25_species"
"avg_branchlen_0.7_protein_family_076.sub"	629000	36400	71592	763	152900	2128	"rerun_sim_b_factor_3.5_avg_branchlen_0.7_from_11th_17th_20th_22th_and_23th_50_fams_25_species"
"avg_branchlen_0.7_protein_family_077.sub"	588000	37600	76524	691	145900	2078	"rerun_sim_b_factor_3.5_avg_branchlen_0.7_from_11th_17th_20th_22th_and_23th_50_fams_25_species"
"avg_branchlen_0.7_protein_family_078.sub"	645000	37000	73764	936	153800	1898	"rerun_sim_b_factor_3.5_avg_branchlen_0.7_from_11th_17th_20th_22th_and_23th_50_fams_25_species"
"avg_branchlen_0.7_protein_family_079.sub"	725000	36300	75514	684	175200	2578	"rerun_sim_b_factor_3.5_avg_branchlen_0.7_from_11th_17th_20th_22th_and_23th_50_fams_25_species"
"avg_branchlen_0.7_protein_family_080.sub"	575000	37300	66571	691	183800	2345	"rerun_sim_b_factor_3.5_avg_branchlen_0.7_from_11th_17th_20th_22th_and_23th_50_fams_25_species"
"avg_branchlen_0.7_protein_family_081.sub"	611000	36500	89600	740	154200	2195	"rerun_sim_b_factor_3.5_avg_branchlen_0.7_from_11th_17th_20th_22th_and_23th_50_fams_25_species"
"avg_branchlen_0.7_protein_family_082.sub"	781000	29600	61572	702	173100	2005	"rerun_sim_b_factor_3.5_avg_branchlen_0.7_from_11th_17th_20th_22th_and_23th_50_fams_25_species"
"avg_branchlen_0.7_protein_family_083.sub"	547000	29900	54900	1225	192500	2018	"rerun_sim_b_factor_3.5_avg_branchlen_0.7_from_11th_17th_20th_22th_and_23th_50_fams_25_species"
"avg_branchlen_0.7_protein_family_084.sub"	718000	37400	64827	966	148300	2111	"rerun_sim_b_factor_3.5_avg_branchlen_0.7_from_11th_17th_20th_22th_and_23th_50_fams_25_species"
"avg_branchlen_0.7_protein_family_085.sub"	642000	35900	74524	698	162500	2081	"rerun_sim_b_factor_3.5_avg_branchlen_0.7_from_11th_17th_20th_22th_and_23th_50_fams_25_species"
"avg_branchlen_0.7_protein_family_086.sub"	756000	36600	67550	670	156900	1896	"rerun_sim_b_factor_3.5_avg_branchlen_0.7_from_11th_17th_20th_22th_and_23th_50_fams_25_species"
"avg_branchlen_0.7_protein_family_087.sub"	648000	31100	74839	977	151000	2264	"rerun_sim_b_factor_3.5_avg_branchlen_0.7_from_11th_17th_20th_22th_and_23th_50_fams_25_species"
"avg_branchlen_0.7_protein_family_088.sub"	692000	38400	66507	690	170600	2244	"rerun_sim_b_factor_3.5_avg_branchlen_0.7_from_11th_17th_20th_22th_and_23th_50_fams_25_species"
"avg_branchlen_0.7_protein_family_089.sub"	635000	37200	74400	1571	159700	2000	"rerun_sim_b_factor_3.5_avg_branchlen_0.7_from_11th_17th_20th_22th_and_23th_50_fams_25_species"
"avg_branchlen_0.7_protein_family_090.sub"	635000	38200	74756	890	163800	2224	"rerun_sim_b_factor_3.5_avg_branchlen_0.7_from_11th_17th_20th_22th_and_23th_50_fams_25_species"
"avg_branchlen_0.7_protein_family_091.sub"	594000	37100	84627	804	143000	1870	"rerun_sim_b_factor_3.5_avg_branchlen_0.7_from_11th_17th_20th_22th_and_23th_50_fams_25_species"
"avg_branchlen_0.7_protein_family_092.sub"	724000	37700	81400	1580	167100	2273	"rerun_sim_b_factor_3.5_avg_branchlen_0.7_from_11th_17th_20th_22th_and_23th_50_fams_25_species"
"avg_branchlen_0.7_protein_family_093.sub"	532000	37500	70842	976	132600	2102	"rerun_sim_b_factor_3.5_avg_branchlen_0.7_from_11th_17th_20th_22th_and_23th_50_fams_25_species"
"avg_branchlen_0.7_protein_family_094.sub"	869000	35600	75826	984	157800	2196	"rerun_sim_b_factor_3.5_avg_branchlen_0.7_from_11th_17th_20th_22th_and_23th_50_fams_25_species"
"avg_branchlen_0.7_protein_family_095.sub"	770000	37600	111546	712	208400	2336	"rerun_sim_b_factor_3.5_avg_branchlen_0.7_from_11th_17th_20th_22th_and_23th_50_fams_25_species"
"avg_branchlen_0.7_protein_family_096.sub"	609000	29700	76400	1581	163500	2121	"rerun_sim_b_factor_3.5_avg_branchlen_0.7_from_11th_17th_20th_22th_and_23th_50_fams_25_species"
"avg_branchlen_0.7_protein_family_097.sub"	811000	30600	61616	731	180600	2041	"rerun_sim_b_factor_3.5_avg_branchlen_0.7_from_11th_17th_20th_22th_and_23th_50_fams_25_species"
"avg_branchlen_0.7_protein_family_098.sub"	589000	35800	77100	1238	172300	2431	"rerun_sim_b_factor_3.5_avg_branchlen_0.7_from_11th_17th_20th_22th_and_23th_50_fams_25_species"
"avg_branchlen_0.7_protein_family_099.sub"	543000	29800	75558	735	163000	2074	"rerun_sim_b_factor_3.5_avg_branchlen_0.7_from_11th_17th_20th_22th_and_23th_50_fams_25_species"
"avg_branchlen_0.7_protein_family_100.sub"	758000	35900	74200	1331	166200	1893	"rerun_sim_b_factor_3.5_avg_branchlen_0.7_from_11th_17th_20th_22th_and_23th_50_fams_25_species"
"avg_branchlen_0.7_protein_family_001.sub"	526000	42600	43270	690	111200	1825	"rerun_sim_b_factor_3.5_avg_branchlen_0.7_from_17th_20th_22th_and_23th_50_fams_25_species"
"avg_branchlen_0.7_protein_family_002.sub"	538000	37500	54457	756	121400	1883	"rerun_sim_b_factor_3.5_avg_branchlen_0.7_from_17th_20th_22th_and_23th_50_fams_25_species"
"avg_branchlen_0.7_protein_family_003.sub"	508000	34900	46085	717	133600	2544	"rerun_sim_b_factor_3.5_avg_branchlen_0.7_from_17th_20th_22th_and_23th_50_fams_25_species"
"avg_branchlen_0.7_protein_family_004.sub"	548000	31100	56827	848	120200	2155	"rerun_sim_b_factor_3.5_avg_branchlen_0.7_from_17th_20th_22th_and_23th_50_fams_25_species"
"avg_branchlen_0.7_protein_family_005.sub"	386000	30500	58084	710	134900	2084	"rerun_sim_b_factor_3.5_avg_branchlen_0.7_from_17th_20th_22th_and_23th_50_fams_25_species"
"avg_branchlen_0.7_protein_family_006.sub"	477000	28100	47184	785	136200	2154	"rerun_sim_b_factor_3.5_avg_branchlen_0.7_from_17th_20th_22th_and_23th_50_fams_25_species"
"avg_branchlen_0.7_protein_family_007.sub"	429000	30600	55545	752	127900	2014	"rerun_sim_b_factor_3.5_avg_branchlen_0.7_from_17th_20th_22th_and_23th_50_fams_25_species"
"avg_branchlen_0.7_protein_family_008.sub"	495000	31200	64583	688	131300	2231	"rerun_sim_b_factor_3.5_avg_branchlen_0.7_from_17th_20th_22th_and_23th_50_fams_25_species"
"avg_branchlen_0.7_protein_family_009.sub"	554000	35800	49240	659	122300	1599	"rerun_sim_b_factor_3.5_avg_branchlen_0.7_from_17th_20th_22th_and_23th_50_fams_25_species"
"avg_branchlen_0.7_protein_family_010.sub"	430000	30100	57269	689	127200	2104	"rerun_sim_b_factor_3.5_avg_branchlen_0.7_from_17th_20th_22th_and_23th_50_fams_25_species"
"avg_branchlen_0.7_protein_family_011.sub"	437000	35500	62540	702	126900	2060	"rerun_sim_b_factor_3.5_avg_branchlen_0.7_from_17th_20th_22th_and_23th_50_fams_25_species"
"avg_branchlen_0.7_protein_family_012.sub"	464000	39000	59820	856	124600	2491	"rerun_sim_b_factor_3.5_avg_branchlen_0.7_from_17th_20th_22th_and_23th_50_fams_25_species"
"avg_branchlen_0.7_protein_family_013.sub"	577000	27800	54636	749	105400	2064	"rerun_sim_b_factor_3.5_avg_branchlen_0.7_from_17th_20th_22th_and_23th_50_fams_25_species"
"avg_branchlen_0.7_protein_family_014.sub"	550000	36600	57200	1299	121100	2351	"rerun_sim_b_factor_3.5_avg_branchlen_0.7_from_17th_20th_22th_and_23th_50_fams_25_species"
"avg_branchlen_0.7_protein_family_015.sub"	425000	35400	58975	707	122000	2193	"rerun_sim_b_factor_3.5_avg_branchlen_0.7_from_17th_20th_22th_and_23th_50_fams_25_species"
"avg_branchlen_0.7_protein_family_016.sub"	448000	37700	44600	1201	116900	2496	"rerun_sim_b_factor_3.5_avg_branchlen_0.7_from_17th_20th_22th_and_23th_50_fams_25_species"
"avg_branchlen_0.7_protein_family_017.sub"	656000	36300	56160	776	127400	1695	"rerun_sim_b_factor_3.5_avg_branchlen_0.7_from_17th_20th_22th_and_23th_50_fams_25_species"
"avg_branchlen_0.7_protein_family_018.sub"	482000	37200	55800	1219	112900	2256	"rerun_sim_b_factor_3.5_avg_branchlen_0.7_from_17th_20th_22th_and_23th_50_fams_25_species"
"avg_branchlen_0.7_protein_family_019.sub"	511000	30500	54882	697	114200	1964	"rerun_sim_b_factor_3.5_avg_branchlen_0.7_from_17th_20th_22th_and_23th_50_fams_25_species"
"avg_branchlen_0.7_protein_family_020.sub"	455000	36500	48606	874	127100	2190	"rerun_sim_b_factor_3.5_avg_branchlen_0.7_from_17th_20th_22th_and_23th_50_fams_25_species"
"avg_branchlen_0.7_protein_family_021.sub"	404000	31200	51880	687	118200	2141	"rerun_sim_b_factor_3.5_avg_branchlen_0.7_from_17th_20th_22th_and_23th_50_fams_25_species"
"avg_branchlen_0.7_protein_family_022.sub"	396000	31000	56184	888	107400	2037	"rerun_sim_b_factor_3.5_avg_branchlen_0.7_from_17th_20th_22th_and_23th_50_fams_25_species"
"avg_branchlen_0.7_protein_family_023.sub"	471000	37100	55700	1409	117900	1799	"rerun_sim_b_factor_3.5_avg_branchlen_0.7_from_17th_20th_22th_and_23th_50_fams_25_species"
"avg_branchlen_0.7_protein_family_024.sub"	515000	37200	38100	1206	117700	2132	"rerun_sim_b_factor_3.5_avg_branchlen_0.7_from_17th_20th_22th_and_23th_50_fams_25_species"
"avg_branchlen_0.7_protein_family_025.sub"	5e+05	36700	69200	1415	131400	1938	"rerun_sim_b_factor_3.5_avg_branchlen_0.7_from_17th_20th_22th_and_23th_50_fams_25_species"
"avg_branchlen_0.7_protein_family_026.sub"	482000	38300	48000	1407	116800	2239	"rerun_sim_b_factor_3.5_avg_branchlen_0.7_from_17th_20th_22th_and_23th_50_fams_25_species"
"avg_branchlen_0.7_protein_family_027.sub"	488000	36900	48204	706	132800	2823	"rerun_sim_b_factor_3.5_avg_branchlen_0.7_from_17th_20th_22th_and_23th_50_fams_25_species"
"avg_branchlen_0.7_protein_family_028.sub"	430000	37300	49875	801	113800	1937	"rerun_sim_b_factor_3.5_avg_branchlen_0.7_from_17th_20th_22th_and_23th_50_fams_25_species"
"avg_branchlen_0.7_protein_family_029.sub"	425000	35500	59901	723	114100	1709	"rerun_sim_b_factor_3.5_avg_branchlen_0.7_from_17th_20th_22th_and_23th_50_fams_25_species"
"avg_branchlen_0.7_protein_family_030.sub"	501000	41500	49645	796	130800	1997	"rerun_sim_b_factor_3.5_avg_branchlen_0.7_from_17th_20th_22th_and_23th_50_fams_25_species"
"avg_branchlen_0.7_protein_family_031.sub"	559000	38700	58200	1417	126700	1851	"rerun_sim_b_factor_3.5_avg_branchlen_0.7_from_17th_20th_22th_and_23th_50_fams_25_species"
"avg_branchlen_0.7_protein_family_032.sub"	404000	32600	47438	861	120200	2115	"rerun_sim_b_factor_3.5_avg_branchlen_0.7_from_17th_20th_22th_and_23th_50_fams_25_species"
"avg_branchlen_0.7_protein_family_033.sub"	558000	36700	57700	1216	121600	2010	"rerun_sim_b_factor_3.5_avg_branchlen_0.7_from_17th_20th_22th_and_23th_50_fams_25_species"
"avg_branchlen_0.7_protein_family_034.sub"	476000	37000	55579	802	116100	1844	"rerun_sim_b_factor_3.5_avg_branchlen_0.7_from_17th_20th_22th_and_23th_50_fams_25_species"
"avg_branchlen_0.7_protein_family_035.sub"	537000	43500	59081	689	128900	1979	"rerun_sim_b_factor_3.5_avg_branchlen_0.7_from_17th_20th_22th_and_23th_50_fams_25_species"
"avg_branchlen_0.7_protein_family_036.sub"	487000	30500	57030	736	121300	2103	"rerun_sim_b_factor_3.5_avg_branchlen_0.7_from_17th_20th_22th_and_23th_50_fams_25_species"
"avg_branchlen_0.7_protein_family_037.sub"	479000	30500	41546	668	123900	2065	"rerun_sim_b_factor_3.5_avg_branchlen_0.7_from_17th_20th_22th_and_23th_50_fams_25_species"
"avg_branchlen_0.7_protein_family_038.sub"	421000	35800	47263	955	131800	2010	"rerun_sim_b_factor_3.5_avg_branchlen_0.7_from_17th_20th_22th_and_23th_50_fams_25_species"
"avg_branchlen_0.7_protein_family_039.sub"	578000	38300	57400	1235	111300	2482	"rerun_sim_b_factor_3.5_avg_branchlen_0.7_from_17th_20th_22th_and_23th_50_fams_25_species"
"avg_branchlen_0.7_protein_family_040.sub"	546000	39300	39200	1368	110200	1882	"rerun_sim_b_factor_3.5_avg_branchlen_0.7_from_17th_20th_22th_and_23th_50_fams_25_species"
"avg_branchlen_0.7_protein_family_041.sub"	425000	36900	57300	1364	128500	2056	"rerun_sim_b_factor_3.5_avg_branchlen_0.7_from_17th_20th_22th_and_23th_50_fams_25_species"
"avg_branchlen_0.7_protein_family_042.sub"	443000	35800	51900	1299	106600	1891	"rerun_sim_b_factor_3.5_avg_branchlen_0.7_from_17th_20th_22th_and_23th_50_fams_25_species"
"avg_branchlen_0.7_protein_family_043.sub"	440000	37000	44100	1194	119500	1901	"rerun_sim_b_factor_3.5_avg_branchlen_0.7_from_17th_20th_22th_and_23th_50_fams_25_species"
"avg_branchlen_0.7_protein_family_044.sub"	461000	43000	59735	741	126800	2166	"rerun_sim_b_factor_3.5_avg_branchlen_0.7_from_17th_20th_22th_and_23th_50_fams_25_species"
"avg_branchlen_0.7_protein_family_045.sub"	455000	41300	56649	666	119600	2207	"rerun_sim_b_factor_3.5_avg_branchlen_0.7_from_17th_20th_22th_and_23th_50_fams_25_species"
"avg_branchlen_0.7_protein_family_046.sub"	432000	30700	56115	965	116000	2153	"rerun_sim_b_factor_3.5_avg_branchlen_0.7_from_17th_20th_22th_and_23th_50_fams_25_species"
"avg_branchlen_0.7_protein_family_047.sub"	543000	34700	67611	730	112800	2259	"rerun_sim_b_factor_3.5_avg_branchlen_0.7_from_17th_20th_22th_and_23th_50_fams_25_species"
"avg_branchlen_0.7_protein_family_048.sub"	481000	36400	44658	760	117100	1849	"rerun_sim_b_factor_3.5_avg_branchlen_0.7_from_17th_20th_22th_and_23th_50_fams_25_species"
"avg_branchlen_0.7_protein_family_049.sub"	393000	30600	47863	680	118000	2112	"rerun_sim_b_factor_3.5_avg_branchlen_0.7_from_17th_20th_22th_and_23th_50_fams_25_species"
"avg_branchlen_0.7_protein_family_050.sub"	467000	35100	55281	722	126500	2041	"rerun_sim_b_factor_3.5_avg_branchlen_0.7_from_17th_20th_22th_and_23th_50_fams_25_species"
"avg_branchlen_0.7_protein_family_051.sub"	543000	35300	49110	810	131200	2079	"rerun_sim_b_factor_3.5_avg_branchlen_0.7_from_17th_20th_22th_and_23th_50_fams_25_species"
"avg_branchlen_0.7_protein_family_052.sub"	399000	29800	44645	859	119700	2122	"rerun_sim_b_factor_3.5_avg_branchlen_0.7_from_17th_20th_22th_and_23th_50_fams_25_species"
"avg_branchlen_0.7_protein_family_053.sub"	408000	35700	47678	691	128700	2135	"rerun_sim_b_factor_3.5_avg_branchlen_0.7_from_17th_20th_22th_and_23th_50_fams_25_species"
"avg_branchlen_0.7_protein_family_054.sub"	486000	30900	57546	869	121500	2038	"rerun_sim_b_factor_3.5_avg_branchlen_0.7_from_17th_20th_22th_and_23th_50_fams_25_species"
"avg_branchlen_0.7_protein_family_055.sub"	495000	35900	65100	1211	109400	2168	"rerun_sim_b_factor_3.5_avg_branchlen_0.7_from_17th_20th_22th_and_23th_50_fams_25_species"
"avg_branchlen_0.7_protein_family_056.sub"	585000	34700	47051	753	122600	2903	"rerun_sim_b_factor_3.5_avg_branchlen_0.7_from_17th_20th_22th_and_23th_50_fams_25_species"
"avg_branchlen_0.7_protein_family_057.sub"	396000	37500	53273	665	115600	2072	"rerun_sim_b_factor_3.5_avg_branchlen_0.7_from_17th_20th_22th_and_23th_50_fams_25_species"
"avg_branchlen_0.7_protein_family_058.sub"	495000	39100	48600	1404	117300	2284	"rerun_sim_b_factor_3.5_avg_branchlen_0.7_from_17th_20th_22th_and_23th_50_fams_25_species"
"avg_branchlen_0.7_protein_family_059.sub"	528000	36700	58204	760	132000	2026	"rerun_sim_b_factor_3.5_avg_branchlen_0.7_from_17th_20th_22th_and_23th_50_fams_25_species"
"avg_branchlen_0.7_protein_family_060.sub"	498000	36800	45764	665	123300	2272	"rerun_sim_b_factor_3.5_avg_branchlen_0.7_from_17th_20th_22th_and_23th_50_fams_25_species"
"avg_branchlen_0.7_protein_family_061.sub"	580000	30800	56101	709	128900	2241	"rerun_sim_b_factor_3.5_avg_branchlen_0.7_from_17th_20th_22th_and_23th_50_fams_25_species"
"avg_branchlen_0.7_protein_family_062.sub"	535000	37100	57262	867	116800	1785	"rerun_sim_b_factor_3.5_avg_branchlen_0.7_from_17th_20th_22th_and_23th_50_fams_25_species"
"avg_branchlen_0.7_protein_family_063.sub"	482000	36800	39963	691	115400	2041	"rerun_sim_b_factor_3.5_avg_branchlen_0.7_from_17th_20th_22th_and_23th_50_fams_25_species"
"avg_branchlen_0.7_protein_family_064.sub"	574000	42500	57486	652	120500	1763	"rerun_sim_b_factor_3.5_avg_branchlen_0.7_from_17th_20th_22th_and_23th_50_fams_25_species"
"avg_branchlen_0.7_protein_family_065.sub"	445000	37200	56500	1406	118300	1991	"rerun_sim_b_factor_3.5_avg_branchlen_0.7_from_17th_20th_22th_and_23th_50_fams_25_species"
"avg_branchlen_0.7_protein_family_066.sub"	404000	32900	52048	871	119200	2124	"rerun_sim_b_factor_3.5_avg_branchlen_0.7_from_17th_20th_22th_and_23th_50_fams_25_species"
"avg_branchlen_0.7_protein_family_067.sub"	609000	43000	52369	699	115300	1647	"rerun_sim_b_factor_3.5_avg_branchlen_0.7_from_17th_20th_22th_and_23th_50_fams_25_species"
"avg_branchlen_0.7_protein_family_068.sub"	431000	37900	49433	841	156100	2649	"rerun_sim_b_factor_3.5_avg_branchlen_0.7_from_17th_20th_22th_and_23th_50_fams_25_species"
"avg_branchlen_0.7_protein_family_069.sub"	492000	35800	60360	661	126200	2483	"rerun_sim_b_factor_3.5_avg_branchlen_0.7_from_17th_20th_22th_and_23th_50_fams_25_species"
"avg_branchlen_0.7_protein_family_070.sub"	422000	37400	64688	800	133800	2089	"rerun_sim_b_factor_3.5_avg_branchlen_0.7_from_17th_20th_22th_and_23th_50_fams_25_species"
"avg_branchlen_0.7_protein_family_071.sub"	561000	37100	67300	1406	123400	2129	"rerun_sim_b_factor_3.5_avg_branchlen_0.7_from_17th_20th_22th_and_23th_50_fams_25_species"
"avg_branchlen_0.7_protein_family_072.sub"	452000	38000	53780	898	105500	1949	"rerun_sim_b_factor_3.5_avg_branchlen_0.7_from_17th_20th_22th_and_23th_50_fams_25_species"
"avg_branchlen_0.7_protein_family_073.sub"	436000	38900	66699	826	117500	1664	"rerun_sim_b_factor_3.5_avg_branchlen_0.7_from_17th_20th_22th_and_23th_50_fams_25_species"
"avg_branchlen_0.7_protein_family_074.sub"	547000	35700	45600	1307	122000	1790	"rerun_sim_b_factor_3.5_avg_branchlen_0.7_from_17th_20th_22th_and_23th_50_fams_25_species"
"avg_branchlen_0.7_protein_family_075.sub"	466000	38800	58800	1412	122600	2068	"rerun_sim_b_factor_3.5_avg_branchlen_0.7_from_17th_20th_22th_and_23th_50_fams_25_species"
"avg_branchlen_0.7_protein_family_076.sub"	479000	36800	52611	660	129400	2369	"rerun_sim_b_factor_3.5_avg_branchlen_0.7_from_17th_20th_22th_and_23th_50_fams_25_species"
"avg_branchlen_0.7_protein_family_077.sub"	570000	41000	58424	823	125700	1963	"rerun_sim_b_factor_3.5_avg_branchlen_0.7_from_17th_20th_22th_and_23th_50_fams_25_species"
"avg_branchlen_0.7_protein_family_078.sub"	377000	31000	53486	694	113200	2193	"rerun_sim_b_factor_3.5_avg_branchlen_0.7_from_17th_20th_22th_and_23th_50_fams_25_species"
"avg_branchlen_0.7_protein_family_079.sub"	502000	34600	53179	694	143100	2521	"rerun_sim_b_factor_3.5_avg_branchlen_0.7_from_17th_20th_22th_and_23th_50_fams_25_species"
"avg_branchlen_0.7_protein_family_080.sub"	467000	36100	50650	677	109200	2057	"rerun_sim_b_factor_3.5_avg_branchlen_0.7_from_17th_20th_22th_and_23th_50_fams_25_species"
"avg_branchlen_0.7_protein_family_081.sub"	454000	36500	67200	1449	119500	1884	"rerun_sim_b_factor_3.5_avg_branchlen_0.7_from_17th_20th_22th_and_23th_50_fams_25_species"
"avg_branchlen_0.7_protein_family_082.sub"	486000	36000	53271	681	115400	2125	"rerun_sim_b_factor_3.5_avg_branchlen_0.7_from_17th_20th_22th_and_23th_50_fams_25_species"
"avg_branchlen_0.7_protein_family_083.sub"	442000	31500	49890	699	142500	2239	"rerun_sim_b_factor_3.5_avg_branchlen_0.7_from_17th_20th_22th_and_23th_50_fams_25_species"
"avg_branchlen_0.7_protein_family_084.sub"	616000	36800	60660	843	127800	1704	"rerun_sim_b_factor_3.5_avg_branchlen_0.7_from_17th_20th_22th_and_23th_50_fams_25_species"
"avg_branchlen_0.7_protein_family_085.sub"	568000	34900	48861	663	132000	2995	"rerun_sim_b_factor_3.5_avg_branchlen_0.7_from_17th_20th_22th_and_23th_50_fams_25_species"
"avg_branchlen_0.7_protein_family_086.sub"	460000	40900	42427	749	102900	2039	"rerun_sim_b_factor_3.5_avg_branchlen_0.7_from_17th_20th_22th_and_23th_50_fams_25_species"
"avg_branchlen_0.7_protein_family_087.sub"	514000	38000	46700	1306	114400	1989	"rerun_sim_b_factor_3.5_avg_branchlen_0.7_from_17th_20th_22th_and_23th_50_fams_25_species"
"avg_branchlen_0.7_protein_family_088.sub"	550000	31200	56201	713	125600	1938	"rerun_sim_b_factor_3.5_avg_branchlen_0.7_from_17th_20th_22th_and_23th_50_fams_25_species"
"avg_branchlen_0.7_protein_family_089.sub"	456000	37500	66537	656	127600	2081	"rerun_sim_b_factor_3.5_avg_branchlen_0.7_from_17th_20th_22th_and_23th_50_fams_25_species"
"avg_branchlen_0.7_protein_family_090.sub"	425000	36000	49300	1313	130200	1994	"rerun_sim_b_factor_3.5_avg_branchlen_0.7_from_17th_20th_22th_and_23th_50_fams_25_species"
"avg_branchlen_0.7_protein_family_091.sub"	551000	31100	53043	847	131600	2114	"rerun_sim_b_factor_3.5_avg_branchlen_0.7_from_17th_20th_22th_and_23th_50_fams_25_species"
"avg_branchlen_0.7_protein_family_092.sub"	622000	37000	58108	719	124600	1668	"rerun_sim_b_factor_3.5_avg_branchlen_0.7_from_17th_20th_22th_and_23th_50_fams_25_species"
"avg_branchlen_0.7_protein_family_093.sub"	547000	38000	48000	1300	118300	1807	"rerun_sim_b_factor_3.5_avg_branchlen_0.7_from_17th_20th_22th_and_23th_50_fams_25_species"
"avg_branchlen_0.7_protein_family_094.sub"	468000	37600	37256	764	115900	1743	"rerun_sim_b_factor_3.5_avg_branchlen_0.7_from_17th_20th_22th_and_23th_50_fams_25_species"
"avg_branchlen_0.7_protein_family_095.sub"	454000	43800	48872	842	124500	1856	"rerun_sim_b_factor_3.5_avg_branchlen_0.7_from_17th_20th_22th_and_23th_50_fams_25_species"
"avg_branchlen_0.7_protein_family_096.sub"	486000	28800	49623	637	123200	2015	"rerun_sim_b_factor_3.5_avg_branchlen_0.7_from_17th_20th_22th_and_23th_50_fams_25_species"
"avg_branchlen_0.7_protein_family_097.sub"	437000	35600	56474	734	116900	2042	"rerun_sim_b_factor_3.5_avg_branchlen_0.7_from_17th_20th_22th_and_23th_50_fams_25_species"
"avg_branchlen_0.7_protein_family_098.sub"	501000	46000	54422	751	119400	2049	"rerun_sim_b_factor_3.5_avg_branchlen_0.7_from_17th_20th_22th_and_23th_50_fams_25_species"
"avg_branchlen_0.7_protein_family_099.sub"	374000	30800	47245	761	117700	2231	"rerun_sim_b_factor_3.5_avg_branchlen_0.7_from_17th_20th_22th_and_23th_50_fams_25_species"
"avg_branchlen_0.7_protein_family_100.sub"	497000	44700	60173	691	128000	2541	"rerun_sim_b_factor_3.5_avg_branchlen_0.7_from_17th_20th_22th_and_23th_50_fams_25_species"
"avg_branchlen_0.7_protein_family_001.sub"	296000	29100	38863	764	94000	2331	"rerun_sim_b_factor_3.5_avg_branchlen_0.7_from_20th_22th_and_23th_50_fams_25_species"
"avg_branchlen_0.7_protein_family_002.sub"	409000	35500	49400	1800	103200	2313	"rerun_sim_b_factor_3.5_avg_branchlen_0.7_from_20th_22th_and_23th_50_fams_25_species"
"avg_branchlen_0.7_protein_family_003.sub"	360000	34600	39061	690	104100	2104	"rerun_sim_b_factor_3.5_avg_branchlen_0.7_from_20th_22th_and_23th_50_fams_25_species"
"avg_branchlen_0.7_protein_family_004.sub"	426000	27900	41023	684	106200	2746	"rerun_sim_b_factor_3.5_avg_branchlen_0.7_from_20th_22th_and_23th_50_fams_25_species"
"avg_branchlen_0.7_protein_family_005.sub"	376000	35300	48414	817	104500	2398	"rerun_sim_b_factor_3.5_avg_branchlen_0.7_from_20th_22th_and_23th_50_fams_25_species"
"avg_branchlen_0.7_protein_family_006.sub"	325000	35600	46428	830	89100	2078	"rerun_sim_b_factor_3.5_avg_branchlen_0.7_from_20th_22th_and_23th_50_fams_25_species"
"avg_branchlen_0.7_protein_family_007.sub"	343000	28700	42393	762	88900	2224	"rerun_sim_b_factor_3.5_avg_branchlen_0.7_from_20th_22th_and_23th_50_fams_25_species"
"avg_branchlen_0.7_protein_family_008.sub"	381000	35300	46994	759	108600	2485	"rerun_sim_b_factor_3.5_avg_branchlen_0.7_from_20th_22th_and_23th_50_fams_25_species"
"avg_branchlen_0.7_protein_family_009.sub"	322000	35900	57020	826	104900	2303	"rerun_sim_b_factor_3.5_avg_branchlen_0.7_from_20th_22th_and_23th_50_fams_25_species"
"avg_branchlen_0.7_protein_family_010.sub"	431000	34300	37819	801	102200	2316	"rerun_sim_b_factor_3.5_avg_branchlen_0.7_from_20th_22th_and_23th_50_fams_25_species"
"avg_branchlen_0.7_protein_family_011.sub"	342000	33900	47958	658	110900	1981	"rerun_sim_b_factor_3.5_avg_branchlen_0.7_from_20th_22th_and_23th_50_fams_25_species"
"avg_branchlen_0.7_protein_family_012.sub"	368000	29100	56800	1825	100900	2131	"rerun_sim_b_factor_3.5_avg_branchlen_0.7_from_20th_22th_and_23th_50_fams_25_species"
"avg_branchlen_0.7_protein_family_013.sub"	321000	28600	53327	651	105700	2344	"rerun_sim_b_factor_3.5_avg_branchlen_0.7_from_20th_22th_and_23th_50_fams_25_species"
"avg_branchlen_0.7_protein_family_014.sub"	395000	34300	47545	884	94900	2499	"rerun_sim_b_factor_3.5_avg_branchlen_0.7_from_20th_22th_and_23th_50_fams_25_species"
"avg_branchlen_0.7_protein_family_015.sub"	314000	34600	55300	1694	104100	2225	"rerun_sim_b_factor_3.5_avg_branchlen_0.7_from_20th_22th_and_23th_50_fams_25_species"
"avg_branchlen_0.7_protein_family_016.sub"	379000	28700	47300	1796	90500	2212	"rerun_sim_b_factor_3.5_avg_branchlen_0.7_from_20th_22th_and_23th_50_fams_25_species"
"avg_branchlen_0.7_protein_family_017.sub"	382000	34200	34890	789	86000	2141	"rerun_sim_b_factor_3.5_avg_branchlen_0.7_from_20th_22th_and_23th_50_fams_25_species"
"avg_branchlen_0.7_protein_family_018.sub"	330000	28600	50075	951	103000	2156	"rerun_sim_b_factor_3.5_avg_branchlen_0.7_from_20th_22th_and_23th_50_fams_25_species"
"avg_branchlen_0.7_protein_family_019.sub"	381000	34300	47633	826	106300	2652	"rerun_sim_b_factor_3.5_avg_branchlen_0.7_from_20th_22th_and_23th_50_fams_25_species"
"avg_branchlen_0.7_protein_family_020.sub"	316000	35600	39339	671	104700	2244	"rerun_sim_b_factor_3.5_avg_branchlen_0.7_from_20th_22th_and_23th_50_fams_25_species"
"avg_branchlen_0.7_protein_family_021.sub"	358000	34700	56460	898	104900	2208	"rerun_sim_b_factor_3.5_avg_branchlen_0.7_from_20th_22th_and_23th_50_fams_25_species"
"avg_branchlen_0.7_protein_family_022.sub"	388000	34800	38233	669	99500	2168	"rerun_sim_b_factor_3.5_avg_branchlen_0.7_from_20th_22th_and_23th_50_fams_25_species"
"avg_branchlen_0.7_protein_family_023.sub"	373000	34900	30200	848	89700	2144	"rerun_sim_b_factor_3.5_avg_branchlen_0.7_from_20th_22th_and_23th_50_fams_25_species"
"avg_branchlen_0.7_protein_family_024.sub"	293000	29500	45786	686	99100	2232	"rerun_sim_b_factor_3.5_avg_branchlen_0.7_from_20th_22th_and_23th_50_fams_25_species"
"avg_branchlen_0.7_protein_family_025.sub"	427000	34400	52400	1851	108700	2386	"rerun_sim_b_factor_3.5_avg_branchlen_0.7_from_20th_22th_and_23th_50_fams_25_species"
"avg_branchlen_0.7_protein_family_026.sub"	413000	34800	38800	1883	101900	2233	"rerun_sim_b_factor_3.5_avg_branchlen_0.7_from_20th_22th_and_23th_50_fams_25_species"
"avg_branchlen_0.7_protein_family_027.sub"	381000	29200	48573	937	97900	2064	"rerun_sim_b_factor_3.5_avg_branchlen_0.7_from_20th_22th_and_23th_50_fams_25_species"
"avg_branchlen_0.7_protein_family_028.sub"	365000	34700	47797	698	102700	2173	"rerun_sim_b_factor_3.5_avg_branchlen_0.7_from_20th_22th_and_23th_50_fams_25_species"
"avg_branchlen_0.7_protein_family_029.sub"	417000	34300	47748	788	94400	2133	"rerun_sim_b_factor_3.5_avg_branchlen_0.7_from_20th_22th_and_23th_50_fams_25_species"
"avg_branchlen_0.7_protein_family_030.sub"	328000	36100	35381	825	96100	2250	"rerun_sim_b_factor_3.5_avg_branchlen_0.7_from_20th_22th_and_23th_50_fams_25_species"
"avg_branchlen_0.7_protein_family_031.sub"	411000	28700	45100	1841	114800	2197	"rerun_sim_b_factor_3.5_avg_branchlen_0.7_from_20th_22th_and_23th_50_fams_25_species"
"avg_branchlen_0.7_protein_family_032.sub"	344000	34100	42537	674	111400	2359	"rerun_sim_b_factor_3.5_avg_branchlen_0.7_from_20th_22th_and_23th_50_fams_25_species"
"avg_branchlen_0.7_protein_family_033.sub"	310000	28300	47270	712	100900	2277	"rerun_sim_b_factor_3.5_avg_branchlen_0.7_from_20th_22th_and_23th_50_fams_25_species"
"avg_branchlen_0.7_protein_family_034.sub"	358000	34800	42720	717	94400	2246	"rerun_sim_b_factor_3.5_avg_branchlen_0.7_from_20th_22th_and_23th_50_fams_25_species"
"avg_branchlen_0.7_protein_family_035.sub"	387000	29100	51600	1757	110200	2351	"rerun_sim_b_factor_3.5_avg_branchlen_0.7_from_20th_22th_and_23th_50_fams_25_species"
"avg_branchlen_0.7_protein_family_036.sub"	376000	28900	48939	914	118500	2497	"rerun_sim_b_factor_3.5_avg_branchlen_0.7_from_20th_22th_and_23th_50_fams_25_species"
"avg_branchlen_0.7_protein_family_037.sub"	390000	34700	57113	721	106300	2253	"rerun_sim_b_factor_3.5_avg_branchlen_0.7_from_20th_22th_and_23th_50_fams_25_species"
"avg_branchlen_0.7_protein_family_038.sub"	377000	34500	38600	1938	104400	2184	"rerun_sim_b_factor_3.5_avg_branchlen_0.7_from_20th_22th_and_23th_50_fams_25_species"
"avg_branchlen_0.7_protein_family_039.sub"	333000	34300	40746	646	85400	2364	"rerun_sim_b_factor_3.5_avg_branchlen_0.7_from_20th_22th_and_23th_50_fams_25_species"
"avg_branchlen_0.7_protein_family_040.sub"	344000	34200	44590	689	95100	2532	"rerun_sim_b_factor_3.5_avg_branchlen_0.7_from_20th_22th_and_23th_50_fams_25_species"
"avg_branchlen_0.7_protein_family_041.sub"	323000	35400	48529	632	103800	2194	"rerun_sim_b_factor_3.5_avg_branchlen_0.7_from_20th_22th_and_23th_50_fams_25_species"
"avg_branchlen_0.7_protein_family_042.sub"	397000	34000	33596	798	90600	2251	"rerun_sim_b_factor_3.5_avg_branchlen_0.7_from_20th_22th_and_23th_50_fams_25_species"
"avg_branchlen_0.7_protein_family_043.sub"	409000	28400	36705	774	98300	2114	"rerun_sim_b_factor_3.5_avg_branchlen_0.7_from_20th_22th_and_23th_50_fams_25_species"
"avg_branchlen_0.7_protein_family_044.sub"	428000	29000	50458	904	95200	2294	"rerun_sim_b_factor_3.5_avg_branchlen_0.7_from_20th_22th_and_23th_50_fams_25_species"
"avg_branchlen_0.7_protein_family_045.sub"	388000	35100	44800	1708	104400	2386	"rerun_sim_b_factor_3.5_avg_branchlen_0.7_from_20th_22th_and_23th_50_fams_25_species"
"avg_branchlen_0.7_protein_family_046.sub"	369000	38700	56500	1947	116800	2283	"rerun_sim_b_factor_3.5_avg_branchlen_0.7_from_20th_22th_and_23th_50_fams_25_species"
"avg_branchlen_0.7_protein_family_047.sub"	411000	33700	48400	1815	102200	1918	"rerun_sim_b_factor_3.5_avg_branchlen_0.7_from_20th_22th_and_23th_50_fams_25_species"
"avg_branchlen_0.7_protein_family_048.sub"	389000	34400	44363	702	99600	2179	"rerun_sim_b_factor_3.5_avg_branchlen_0.7_from_20th_22th_and_23th_50_fams_25_species"
"avg_branchlen_0.7_protein_family_049.sub"	344000	28800	37300	1833	100300	2211	"rerun_sim_b_factor_3.5_avg_branchlen_0.7_from_20th_22th_and_23th_50_fams_25_species"
"avg_branchlen_0.7_protein_family_050.sub"	335000	34500	50519	748	100300	2330	"rerun_sim_b_factor_3.5_avg_branchlen_0.7_from_20th_22th_and_23th_50_fams_25_species"
"avg_branchlen_0.7_protein_family_051.sub"	308000	33500	58100	1703	96000	2377	"rerun_sim_b_factor_3.5_avg_branchlen_0.7_from_20th_22th_and_23th_50_fams_25_species"
"avg_branchlen_0.7_protein_family_052.sub"	340000	34200	48000	1698	104300	2212	"rerun_sim_b_factor_3.5_avg_branchlen_0.7_from_20th_22th_and_23th_50_fams_25_species"
"avg_branchlen_0.7_protein_family_053.sub"	337000	28900	42600	1783	99100	2335	"rerun_sim_b_factor_3.5_avg_branchlen_0.7_from_20th_22th_and_23th_50_fams_25_species"
"avg_branchlen_0.7_protein_family_054.sub"	330000	35200	39300	1683	105500	3060	"rerun_sim_b_factor_3.5_avg_branchlen_0.7_from_20th_22th_and_23th_50_fams_25_species"
"avg_branchlen_0.7_protein_family_055.sub"	322000	35200	45300	1698	89400	2473	"rerun_sim_b_factor_3.5_avg_branchlen_0.7_from_20th_22th_and_23th_50_fams_25_species"
"avg_branchlen_0.7_protein_family_056.sub"	379000	36700	48344	834	97800	2350	"rerun_sim_b_factor_3.5_avg_branchlen_0.7_from_20th_22th_and_23th_50_fams_25_species"
"avg_branchlen_0.7_protein_family_057.sub"	340000	34800	50859	854	104000	2400	"rerun_sim_b_factor_3.5_avg_branchlen_0.7_from_20th_22th_and_23th_50_fams_25_species"
"avg_branchlen_0.7_protein_family_058.sub"	327000	29300	39600	1860	94500	2264	"rerun_sim_b_factor_3.5_avg_branchlen_0.7_from_20th_22th_and_23th_50_fams_25_species"
"avg_branchlen_0.7_protein_family_059.sub"	397000	35000	69739	874	113200	2194	"rerun_sim_b_factor_3.5_avg_branchlen_0.7_from_20th_22th_and_23th_50_fams_25_species"
"avg_branchlen_0.7_protein_family_060.sub"	402000	34800	37113	769	97400	2246	"rerun_sim_b_factor_3.5_avg_branchlen_0.7_from_20th_22th_and_23th_50_fams_25_species"
"avg_branchlen_0.7_protein_family_061.sub"	405000	28400	43443	669	99700	2377	"rerun_sim_b_factor_3.5_avg_branchlen_0.7_from_20th_22th_and_23th_50_fams_25_species"
"avg_branchlen_0.7_protein_family_062.sub"	413000	35000	48844	827	97300	2298	"rerun_sim_b_factor_3.5_avg_branchlen_0.7_from_20th_22th_and_23th_50_fams_25_species"
"avg_branchlen_0.7_protein_family_063.sub"	338000	34300	52800	1895	106200	2353	"rerun_sim_b_factor_3.5_avg_branchlen_0.7_from_20th_22th_and_23th_50_fams_25_species"
"avg_branchlen_0.7_protein_family_064.sub"	530000	36500	44530	631	95200	2318	"rerun_sim_b_factor_3.5_avg_branchlen_0.7_from_20th_22th_and_23th_50_fams_25_species"
"avg_branchlen_0.7_protein_family_065.sub"	323000	34200	55931	674	101600	2367	"rerun_sim_b_factor_3.5_avg_branchlen_0.7_from_20th_22th_and_23th_50_fams_25_species"
"avg_branchlen_0.7_protein_family_066.sub"	271000	29400	53563	860	104600	2890	"rerun_sim_b_factor_3.5_avg_branchlen_0.7_from_20th_22th_and_23th_50_fams_25_species"
"avg_branchlen_0.7_protein_family_067.sub"	313000	35300	55723	711	97300	2117	"rerun_sim_b_factor_3.5_avg_branchlen_0.7_from_20th_22th_and_23th_50_fams_25_species"
"avg_branchlen_0.7_protein_family_068.sub"	360000	34300	45600	1807	90600	2229	"rerun_sim_b_factor_3.5_avg_branchlen_0.7_from_20th_22th_and_23th_50_fams_25_species"
"avg_branchlen_0.7_protein_family_069.sub"	364000	28800	46212	813	104800	2330	"rerun_sim_b_factor_3.5_avg_branchlen_0.7_from_20th_22th_and_23th_50_fams_25_species"
"avg_branchlen_0.7_protein_family_070.sub"	399000	29000	42775	868	94500	2395	"rerun_sim_b_factor_3.5_avg_branchlen_0.7_from_20th_22th_and_23th_50_fams_25_species"
"avg_branchlen_0.7_protein_family_071.sub"	379000	34700	39601	842	99200	2200	"rerun_sim_b_factor_3.5_avg_branchlen_0.7_from_20th_22th_and_23th_50_fams_25_species"
"avg_branchlen_0.7_protein_family_072.sub"	287000	34800	36800	1781	89800	1996	"rerun_sim_b_factor_3.5_avg_branchlen_0.7_from_20th_22th_and_23th_50_fams_25_species"
"avg_branchlen_0.7_protein_family_073.sub"	288000	34400	60700	1896	109300	2021	"rerun_sim_b_factor_3.5_avg_branchlen_0.7_from_20th_22th_and_23th_50_fams_25_species"
"avg_branchlen_0.7_protein_family_074.sub"	382000	35100	46431	880	99100	2383	"rerun_sim_b_factor_3.5_avg_branchlen_0.7_from_20th_22th_and_23th_50_fams_25_species"
"avg_branchlen_0.7_protein_family_075.sub"	482000	29100	50437	754	104600	2223	"rerun_sim_b_factor_3.5_avg_branchlen_0.7_from_20th_22th_and_23th_50_fams_25_species"
"avg_branchlen_0.7_protein_family_076.sub"	328000	29200	49200	1836	89900	2381	"rerun_sim_b_factor_3.5_avg_branchlen_0.7_from_20th_22th_and_23th_50_fams_25_species"
"avg_branchlen_0.7_protein_family_077.sub"	380000	34300	44900	1912	98900	2342	"rerun_sim_b_factor_3.5_avg_branchlen_0.7_from_20th_22th_and_23th_50_fams_25_species"
"avg_branchlen_0.7_protein_family_078.sub"	302000	34900	37361	685	105100	2583	"rerun_sim_b_factor_3.5_avg_branchlen_0.7_from_20th_22th_and_23th_50_fams_25_species"
"avg_branchlen_0.7_protein_family_079.sub"	314000	34100	45852	652	96300	2316	"rerun_sim_b_factor_3.5_avg_branchlen_0.7_from_20th_22th_and_23th_50_fams_25_species"
"avg_branchlen_0.7_protein_family_080.sub"	299000	35000	47624	625	95500	2210	"rerun_sim_b_factor_3.5_avg_branchlen_0.7_from_20th_22th_and_23th_50_fams_25_species"
"avg_branchlen_0.7_protein_family_081.sub"	414000	34400	46033	689	103600	2305	"rerun_sim_b_factor_3.5_avg_branchlen_0.7_from_20th_22th_and_23th_50_fams_25_species"
"avg_branchlen_0.7_protein_family_082.sub"	310000	34400	44100	1898	101400	2426	"rerun_sim_b_factor_3.5_avg_branchlen_0.7_from_20th_22th_and_23th_50_fams_25_species"
"avg_branchlen_0.7_protein_family_083.sub"	271000	29100	56860	865	131600	2887	"rerun_sim_b_factor_3.5_avg_branchlen_0.7_from_20th_22th_and_23th_50_fams_25_species"
"avg_branchlen_0.7_protein_family_084.sub"	362000	28900	47700	1702	97100	2474	"rerun_sim_b_factor_3.5_avg_branchlen_0.7_from_20th_22th_and_23th_50_fams_25_species"
"avg_branchlen_0.7_protein_family_085.sub"	317000	34400	43920	812	105100	2249	"rerun_sim_b_factor_3.5_avg_branchlen_0.7_from_20th_22th_and_23th_50_fams_25_species"
"avg_branchlen_0.7_protein_family_086.sub"	4e+05	34900	50900	1742	100300	2454	"rerun_sim_b_factor_3.5_avg_branchlen_0.7_from_20th_22th_and_23th_50_fams_25_species"
"avg_branchlen_0.7_protein_family_087.sub"	438000	35100	46240	820	105200	2477	"rerun_sim_b_factor_3.5_avg_branchlen_0.7_from_20th_22th_and_23th_50_fams_25_species"
"avg_branchlen_0.7_protein_family_088.sub"	370000	36100	49415	645	110100	2384	"rerun_sim_b_factor_3.5_avg_branchlen_0.7_from_20th_22th_and_23th_50_fams_25_species"
"avg_branchlen_0.7_protein_family_089.sub"	363000	35600	43714	808	101300	2338	"rerun_sim_b_factor_3.5_avg_branchlen_0.7_from_20th_22th_and_23th_50_fams_25_species"
"avg_branchlen_0.7_protein_family_090.sub"	278000	34400	46286	830	104000	2452	"rerun_sim_b_factor_3.5_avg_branchlen_0.7_from_20th_22th_and_23th_50_fams_25_species"
"avg_branchlen_0.7_protein_family_091.sub"	383000	34900	49563	909	115500	2294	"rerun_sim_b_factor_3.5_avg_branchlen_0.7_from_20th_22th_and_23th_50_fams_25_species"
"avg_branchlen_0.7_protein_family_092.sub"	401000	28700	47500	1804	108800	2311	"rerun_sim_b_factor_3.5_avg_branchlen_0.7_from_20th_22th_and_23th_50_fams_25_species"
"avg_branchlen_0.7_protein_family_093.sub"	477000	34700	41908	806	93800	2353	"rerun_sim_b_factor_3.5_avg_branchlen_0.7_from_20th_22th_and_23th_50_fams_25_species"
"avg_branchlen_0.7_protein_family_094.sub"	306000	34600	30742	727	84500	1961	"rerun_sim_b_factor_3.5_avg_branchlen_0.7_from_20th_22th_and_23th_50_fams_25_species"
"avg_branchlen_0.7_protein_family_095.sub"	403000	34400	61623	802	113100	2217	"rerun_sim_b_factor_3.5_avg_branchlen_0.7_from_20th_22th_and_23th_50_fams_25_species"
"avg_branchlen_0.7_protein_family_096.sub"	352000	28000	49398	698	97700	2370	"rerun_sim_b_factor_3.5_avg_branchlen_0.7_from_20th_22th_and_23th_50_fams_25_species"
"avg_branchlen_0.7_protein_family_097.sub"	339000	28800	39123	853	105400	2335	"rerun_sim_b_factor_3.5_avg_branchlen_0.7_from_20th_22th_and_23th_50_fams_25_species"
"avg_branchlen_0.7_protein_family_098.sub"	384000	34700	42821	685	107400	2088	"rerun_sim_b_factor_3.5_avg_branchlen_0.7_from_20th_22th_and_23th_50_fams_25_species"
"avg_branchlen_0.7_protein_family_099.sub"	386000	34900	37441	742	102100	2145	"rerun_sim_b_factor_3.5_avg_branchlen_0.7_from_20th_22th_and_23th_50_fams_25_species"
"avg_branchlen_0.7_protein_family_100.sub"	358000	34200	53905	884	117600	2430	"rerun_sim_b_factor_3.5_avg_branchlen_0.7_from_20th_22th_and_23th_50_fams_25_species"
"avg_branchlen_0.7_protein_family_001.sub"	296000	35100	45455	635	95700	2118	"rerun_sim_b_factor_3.5_avg_branchlen_0.7_from_22th_and_23th_50_fams_25_species"
"avg_branchlen_0.7_protein_family_002.sub"	320000	37200	44300	2586	92500	2365	"rerun_sim_b_factor_3.5_avg_branchlen_0.7_from_22th_and_23th_50_fams_25_species"
"avg_branchlen_0.7_protein_family_003.sub"	247000	33900	34100	2593	91600	2299	"rerun_sim_b_factor_3.5_avg_branchlen_0.7_from_22th_and_23th_50_fams_25_species"
"avg_branchlen_0.7_protein_family_004.sub"	336000	37100	53036	721	92000	2094	"rerun_sim_b_factor_3.5_avg_branchlen_0.7_from_22th_and_23th_50_fams_25_species"
"avg_branchlen_0.7_protein_family_005.sub"	370000	37900	46600	2485	91100	1969	"rerun_sim_b_factor_3.5_avg_branchlen_0.7_from_22th_and_23th_50_fams_25_species"
"avg_branchlen_0.7_protein_family_006.sub"	354000	28400	41792	673	85800	2000	"rerun_sim_b_factor_3.5_avg_branchlen_0.7_from_22th_and_23th_50_fams_25_species"
"avg_branchlen_0.7_protein_family_007.sub"	271000	35700	41210	721	98300	2052	"rerun_sim_b_factor_3.5_avg_branchlen_0.7_from_22th_and_23th_50_fams_25_species"
"avg_branchlen_0.7_protein_family_008.sub"	321000	36300	33434	688	105200	2098	"rerun_sim_b_factor_3.5_avg_branchlen_0.7_from_22th_and_23th_50_fams_25_species"
"avg_branchlen_0.7_protein_family_009.sub"	3e+05	33700	28935	619	93800	2037	"rerun_sim_b_factor_3.5_avg_branchlen_0.7_from_22th_and_23th_50_fams_25_species"
"avg_branchlen_0.7_protein_family_010.sub"	319000	36700	48894	573	95900	2200	"rerun_sim_b_factor_3.5_avg_branchlen_0.7_from_22th_and_23th_50_fams_25_species"
"avg_branchlen_0.7_protein_family_011.sub"	369000	35700	36605	688	101600	1898	"rerun_sim_b_factor_3.5_avg_branchlen_0.7_from_22th_and_23th_50_fams_25_species"
"avg_branchlen_0.7_protein_family_012.sub"	358000	35500	46200	2581	102700	1867	"rerun_sim_b_factor_3.5_avg_branchlen_0.7_from_22th_and_23th_50_fams_25_species"
"avg_branchlen_0.7_protein_family_013.sub"	313000	35700	43103	700	92100	2053	"rerun_sim_b_factor_3.5_avg_branchlen_0.7_from_22th_and_23th_50_fams_25_species"
"avg_branchlen_0.7_protein_family_014.sub"	266000	37100	43042	623	88800	2329	"rerun_sim_b_factor_3.5_avg_branchlen_0.7_from_22th_and_23th_50_fams_25_species"
"avg_branchlen_0.7_protein_family_015.sub"	338000	36200	35218	656	105200	2264	"rerun_sim_b_factor_3.5_avg_branchlen_0.7_from_22th_and_23th_50_fams_25_species"
"avg_branchlen_0.7_protein_family_016.sub"	337000	31800	44300	2486	93500	2058	"rerun_sim_b_factor_3.5_avg_branchlen_0.7_from_22th_and_23th_50_fams_25_species"
"avg_branchlen_0.7_protein_family_017.sub"	251000	33300	51063	847	97200	2277	"rerun_sim_b_factor_3.5_avg_branchlen_0.7_from_22th_and_23th_50_fams_25_species"
"avg_branchlen_0.7_protein_family_018.sub"	340000	37200	62542	678	110500	1879	"rerun_sim_b_factor_3.5_avg_branchlen_0.7_from_22th_and_23th_50_fams_25_species"
"avg_branchlen_0.7_protein_family_019.sub"	321000	35000	41643	681	109100	1897	"rerun_sim_b_factor_3.5_avg_branchlen_0.7_from_22th_and_23th_50_fams_25_species"
"avg_branchlen_0.7_protein_family_020.sub"	401000	34200	45834	630	103700	2198	"rerun_sim_b_factor_3.5_avg_branchlen_0.7_from_22th_and_23th_50_fams_25_species"
"avg_branchlen_0.7_protein_family_021.sub"	315000	37100	49820	713	95600	2143	"rerun_sim_b_factor_3.5_avg_branchlen_0.7_from_22th_and_23th_50_fams_25_species"
"avg_branchlen_0.7_protein_family_022.sub"	338000	34300	44600	2598	96000	2250	"rerun_sim_b_factor_3.5_avg_branchlen_0.7_from_22th_and_23th_50_fams_25_species"
"avg_branchlen_0.7_protein_family_023.sub"	412000	37800	50100	2675	97200	2032	"rerun_sim_b_factor_3.5_avg_branchlen_0.7_from_22th_and_23th_50_fams_25_species"
"avg_branchlen_0.7_protein_family_024.sub"	299000	38000	34457	693	100200	2339	"rerun_sim_b_factor_3.5_avg_branchlen_0.7_from_22th_and_23th_50_fams_25_species"
"avg_branchlen_0.7_protein_family_025.sub"	440000	29000	44100	2409	88500	2041	"rerun_sim_b_factor_3.5_avg_branchlen_0.7_from_22th_and_23th_50_fams_25_species"
"avg_branchlen_0.7_protein_family_026.sub"	315000	29000	46012	693	106300	2130	"rerun_sim_b_factor_3.5_avg_branchlen_0.7_from_22th_and_23th_50_fams_25_species"
"avg_branchlen_0.7_protein_family_027.sub"	289000	36800	47540	636	1e+05	2131	"rerun_sim_b_factor_3.5_avg_branchlen_0.7_from_22th_and_23th_50_fams_25_species"
"avg_branchlen_0.7_protein_family_028.sub"	4e+05	37300	36300	2586	92800	2064	"rerun_sim_b_factor_3.5_avg_branchlen_0.7_from_22th_and_23th_50_fams_25_species"
"avg_branchlen_0.7_protein_family_029.sub"	332000	34700	43779	747	95900	2202	"rerun_sim_b_factor_3.5_avg_branchlen_0.7_from_22th_and_23th_50_fams_25_species"
"avg_branchlen_0.7_protein_family_030.sub"	312000	34800	41613	609	103200	2198	"rerun_sim_b_factor_3.5_avg_branchlen_0.7_from_22th_and_23th_50_fams_25_species"
"avg_branchlen_0.7_protein_family_031.sub"	288000	37800	34300	741	95900	2188	"rerun_sim_b_factor_3.5_avg_branchlen_0.7_from_22th_and_23th_50_fams_25_species"
"avg_branchlen_0.7_protein_family_032.sub"	340000	34700	44097	628	113700	2344	"rerun_sim_b_factor_3.5_avg_branchlen_0.7_from_22th_and_23th_50_fams_25_species"
"avg_branchlen_0.7_protein_family_033.sub"	377000	34600	57902	805	102200	2317	"rerun_sim_b_factor_3.5_avg_branchlen_0.7_from_22th_and_23th_50_fams_25_species"
"avg_branchlen_0.7_protein_family_034.sub"	352000	35600	37903	694	89100	2151	"rerun_sim_b_factor_3.5_avg_branchlen_0.7_from_22th_and_23th_50_fams_25_species"
"avg_branchlen_0.7_protein_family_035.sub"	356000	34300	52300	2493	99700	2143	"rerun_sim_b_factor_3.5_avg_branchlen_0.7_from_22th_and_23th_50_fams_25_species"
"avg_branchlen_0.7_protein_family_036.sub"	324000	34900	44710	754	104500	2328	"rerun_sim_b_factor_3.5_avg_branchlen_0.7_from_22th_and_23th_50_fams_25_species"
"avg_branchlen_0.7_protein_family_037.sub"	337000	35800	30500	2528	1e+05	1913	"rerun_sim_b_factor_3.5_avg_branchlen_0.7_from_22th_and_23th_50_fams_25_species"
"avg_branchlen_0.7_protein_family_038.sub"	342000	36900	39713	693	87600	1921	"rerun_sim_b_factor_3.5_avg_branchlen_0.7_from_22th_and_23th_50_fams_25_species"
"avg_branchlen_0.7_protein_family_039.sub"	361000	36700	41108	736	105600	2220	"rerun_sim_b_factor_3.5_avg_branchlen_0.7_from_22th_and_23th_50_fams_25_species"
"avg_branchlen_0.7_protein_family_040.sub"	321000	37300	34012	611	90600	2320	"rerun_sim_b_factor_3.5_avg_branchlen_0.7_from_22th_and_23th_50_fams_25_species"
"avg_branchlen_0.7_protein_family_041.sub"	312000	36100	41700	2584	88000	2338	"rerun_sim_b_factor_3.5_avg_branchlen_0.7_from_22th_and_23th_50_fams_25_species"
"avg_branchlen_0.7_protein_family_042.sub"	341000	37000	45600	2578	91400	2195	"rerun_sim_b_factor_3.5_avg_branchlen_0.7_from_22th_and_23th_50_fams_25_species"
"avg_branchlen_0.7_protein_family_043.sub"	291000	30900	42561	696	98900	2202	"rerun_sim_b_factor_3.5_avg_branchlen_0.7_from_22th_and_23th_50_fams_25_species"
"avg_branchlen_0.7_protein_family_044.sub"	391000	28600	37400	2670	95700	2017	"rerun_sim_b_factor_3.5_avg_branchlen_0.7_from_22th_and_23th_50_fams_25_species"
"avg_branchlen_0.7_protein_family_045.sub"	350000	34900	50500	2640	96600	1986	"rerun_sim_b_factor_3.5_avg_branchlen_0.7_from_22th_and_23th_50_fams_25_species"
"avg_branchlen_0.7_protein_family_046.sub"	340000	29200	38200	2481	99300	2167	"rerun_sim_b_factor_3.5_avg_branchlen_0.7_from_22th_and_23th_50_fams_25_species"
"avg_branchlen_0.7_protein_family_047.sub"	366000	35200	46337	634	103500	2276	"rerun_sim_b_factor_3.5_avg_branchlen_0.7_from_22th_and_23th_50_fams_25_species"
"avg_branchlen_0.7_protein_family_048.sub"	246000	34800	41535	620	101700	2202	"rerun_sim_b_factor_3.5_avg_branchlen_0.7_from_22th_and_23th_50_fams_25_species"
"avg_branchlen_0.7_protein_family_049.sub"	329000	28700	45373	636	105700	2022	"rerun_sim_b_factor_3.5_avg_branchlen_0.7_from_22th_and_23th_50_fams_25_species"
"avg_branchlen_0.7_protein_family_050.sub"	348000	35800	38810	770	99900	2281	"rerun_sim_b_factor_3.5_avg_branchlen_0.7_from_22th_and_23th_50_fams_25_species"
"avg_branchlen_0.7_protein_family_051.sub"	320000	34800	53668	814	97900	2066	"rerun_sim_b_factor_3.5_avg_branchlen_0.7_from_22th_and_23th_50_fams_25_species"
"avg_branchlen_0.7_protein_family_052.sub"	309000	33700	42768	650	102800	1988	"rerun_sim_b_factor_3.5_avg_branchlen_0.7_from_22th_and_23th_50_fams_25_species"
"avg_branchlen_0.7_protein_family_053.sub"	261000	34800	53881	561	84700	2438	"rerun_sim_b_factor_3.5_avg_branchlen_0.7_from_22th_and_23th_50_fams_25_species"
"avg_branchlen_0.7_protein_family_054.sub"	331000	34600	52913	612	104600	1715	"rerun_sim_b_factor_3.5_avg_branchlen_0.7_from_22th_and_23th_50_fams_25_species"
"avg_branchlen_0.7_protein_family_055.sub"	376000	37300	41787	682	95300	2128	"rerun_sim_b_factor_3.5_avg_branchlen_0.7_from_22th_and_23th_50_fams_25_species"
"avg_branchlen_0.7_protein_family_056.sub"	318000	34500	43490	705	91400	2189	"rerun_sim_b_factor_3.5_avg_branchlen_0.7_from_22th_and_23th_50_fams_25_species"
"avg_branchlen_0.7_protein_family_057.sub"	3e+05	28400	38628	763	98800	2295	"rerun_sim_b_factor_3.5_avg_branchlen_0.7_from_22th_and_23th_50_fams_25_species"
"avg_branchlen_0.7_protein_family_058.sub"	275000	36400	33703	836	96400	2098	"rerun_sim_b_factor_3.5_avg_branchlen_0.7_from_22th_and_23th_50_fams_25_species"
"avg_branchlen_0.7_protein_family_059.sub"	283000	31900	52643	633	104000	2300	"rerun_sim_b_factor_3.5_avg_branchlen_0.7_from_22th_and_23th_50_fams_25_species"
"avg_branchlen_0.7_protein_family_060.sub"	454000	34300	42116	743	92400	2066	"rerun_sim_b_factor_3.5_avg_branchlen_0.7_from_22th_and_23th_50_fams_25_species"
"avg_branchlen_0.7_protein_family_061.sub"	269000	28100	35600	2607	97600	2191	"rerun_sim_b_factor_3.5_avg_branchlen_0.7_from_22th_and_23th_50_fams_25_species"
"avg_branchlen_0.7_protein_family_062.sub"	311000	37000	42118	625	104600	2039	"rerun_sim_b_factor_3.5_avg_branchlen_0.7_from_22th_and_23th_50_fams_25_species"
"avg_branchlen_0.7_protein_family_063.sub"	302000	36000	39142	635	88900	2020	"rerun_sim_b_factor_3.5_avg_branchlen_0.7_from_22th_and_23th_50_fams_25_species"
"avg_branchlen_0.7_protein_family_064.sub"	276000	35400	40074	617	90000	2392	"rerun_sim_b_factor_3.5_avg_branchlen_0.7_from_22th_and_23th_50_fams_25_species"
"avg_branchlen_0.7_protein_family_065.sub"	429000	37300	54800	2633	114400	2175	"rerun_sim_b_factor_3.5_avg_branchlen_0.7_from_22th_and_23th_50_fams_25_species"
"avg_branchlen_0.7_protein_family_066.sub"	411000	33100	38509	602	93900	1982	"rerun_sim_b_factor_3.5_avg_branchlen_0.7_from_22th_and_23th_50_fams_25_species"
"avg_branchlen_0.7_protein_family_067.sub"	420000	36200	44234	723	100400	2102	"rerun_sim_b_factor_3.5_avg_branchlen_0.7_from_22th_and_23th_50_fams_25_species"
"avg_branchlen_0.7_protein_family_068.sub"	387000	28000	39400	2494	103200	1973	"rerun_sim_b_factor_3.5_avg_branchlen_0.7_from_22th_and_23th_50_fams_25_species"
"avg_branchlen_0.7_protein_family_069.sub"	416000	34600	45841	724	99900	2447	"rerun_sim_b_factor_3.5_avg_branchlen_0.7_from_22th_and_23th_50_fams_25_species"
"avg_branchlen_0.7_protein_family_070.sub"	341000	38400	41448	771	90800	2231	"rerun_sim_b_factor_3.5_avg_branchlen_0.7_from_22th_and_23th_50_fams_25_species"
"avg_branchlen_0.7_protein_family_071.sub"	304000	33600	45700	2581	106100	1941	"rerun_sim_b_factor_3.5_avg_branchlen_0.7_from_22th_and_23th_50_fams_25_species"
"avg_branchlen_0.7_protein_family_072.sub"	272000	35000	63561	643	106200	1937	"rerun_sim_b_factor_3.5_avg_branchlen_0.7_from_22th_and_23th_50_fams_25_species"
"avg_branchlen_0.7_protein_family_073.sub"	320000	34300	39782	719	95100	2235	"rerun_sim_b_factor_3.5_avg_branchlen_0.7_from_22th_and_23th_50_fams_25_species"
"avg_branchlen_0.7_protein_family_074.sub"	397000	36100	38547	650	85300	1943	"rerun_sim_b_factor_3.5_avg_branchlen_0.7_from_22th_and_23th_50_fams_25_species"
"avg_branchlen_0.7_protein_family_075.sub"	389000	37500	44660	754	98800	2357	"rerun_sim_b_factor_3.5_avg_branchlen_0.7_from_22th_and_23th_50_fams_25_species"
"avg_branchlen_0.7_protein_family_076.sub"	362000	34100	45189	768	108600	2010	"rerun_sim_b_factor_3.5_avg_branchlen_0.7_from_22th_and_23th_50_fams_25_species"
"avg_branchlen_0.7_protein_family_077.sub"	250000	28500	35900	2564	100300	2176	"rerun_sim_b_factor_3.5_avg_branchlen_0.7_from_22th_and_23th_50_fams_25_species"
"avg_branchlen_0.7_protein_family_078.sub"	354000	34500	60394	778	92000	2169	"rerun_sim_b_factor_3.5_avg_branchlen_0.7_from_22th_and_23th_50_fams_25_species"
"avg_branchlen_0.7_protein_family_079.sub"	377000	37200	43900	2581	96900	2199	"rerun_sim_b_factor_3.5_avg_branchlen_0.7_from_22th_and_23th_50_fams_25_species"
"avg_branchlen_0.7_protein_family_080.sub"	348000	35500	44241	723	95900	2379	"rerun_sim_b_factor_3.5_avg_branchlen_0.7_from_22th_and_23th_50_fams_25_species"
"avg_branchlen_0.7_protein_family_081.sub"	258000	37400	44900	2535	96300	2307	"rerun_sim_b_factor_3.5_avg_branchlen_0.7_from_22th_and_23th_50_fams_25_species"
"avg_branchlen_0.7_protein_family_082.sub"	442000	28200	43210	751	105000	2079	"rerun_sim_b_factor_3.5_avg_branchlen_0.7_from_22th_and_23th_50_fams_25_species"
"avg_branchlen_0.7_protein_family_083.sub"	344000	28500	39200	2480	105800	2040	"rerun_sim_b_factor_3.5_avg_branchlen_0.7_from_22th_and_23th_50_fams_25_species"
"avg_branchlen_0.7_protein_family_084.sub"	402000	28600	56378	661	102000	2013	"rerun_sim_b_factor_3.5_avg_branchlen_0.7_from_22th_and_23th_50_fams_25_species"
"avg_branchlen_0.7_protein_family_085.sub"	277000	29000	36800	2505	96200	2193	"rerun_sim_b_factor_3.5_avg_branchlen_0.7_from_22th_and_23th_50_fams_25_species"
"avg_branchlen_0.7_protein_family_086.sub"	311000	33700	33949	720	93100	2183	"rerun_sim_b_factor_3.5_avg_branchlen_0.7_from_22th_and_23th_50_fams_25_species"
"avg_branchlen_0.7_protein_family_087.sub"	264000	35700	48665	653	94900	2294	"rerun_sim_b_factor_3.5_avg_branchlen_0.7_from_22th_and_23th_50_fams_25_species"
"avg_branchlen_0.7_protein_family_088.sub"	274000	36700	55124	653	98100	2499	"rerun_sim_b_factor_3.5_avg_branchlen_0.7_from_22th_and_23th_50_fams_25_species"
"avg_branchlen_0.7_protein_family_089.sub"	321000	34100	35511	743	91900	2185	"rerun_sim_b_factor_3.5_avg_branchlen_0.7_from_22th_and_23th_50_fams_25_species"
"avg_branchlen_0.7_protein_family_090.sub"	365000	36800	34517	897	91500	2138	"rerun_sim_b_factor_3.5_avg_branchlen_0.7_from_22th_and_23th_50_fams_25_species"
"avg_branchlen_0.7_protein_family_091.sub"	322000	28400	49382	860	112800	2095	"rerun_sim_b_factor_3.5_avg_branchlen_0.7_from_22th_and_23th_50_fams_25_species"
"avg_branchlen_0.7_protein_family_092.sub"	323000	28600	42800	2629	93100	2181	"rerun_sim_b_factor_3.5_avg_branchlen_0.7_from_22th_and_23th_50_fams_25_species"
"avg_branchlen_0.7_protein_family_093.sub"	340000	35900	58161	643	100200	2047	"rerun_sim_b_factor_3.5_avg_branchlen_0.7_from_22th_and_23th_50_fams_25_species"
"avg_branchlen_0.7_protein_family_094.sub"	330000	36500	33700	2586	95100	1892	"rerun_sim_b_factor_3.5_avg_branchlen_0.7_from_22th_and_23th_50_fams_25_species"
"avg_branchlen_0.7_protein_family_095.sub"	340000	33700	45533	769	107500	2082	"rerun_sim_b_factor_3.5_avg_branchlen_0.7_from_22th_and_23th_50_fams_25_species"
"avg_branchlen_0.7_protein_family_096.sub"	363000	28000	37500	2480	98400	1904	"rerun_sim_b_factor_3.5_avg_branchlen_0.7_from_22th_and_23th_50_fams_25_species"
"avg_branchlen_0.7_protein_family_097.sub"	355000	34800	44604	730	101100	2068	"rerun_sim_b_factor_3.5_avg_branchlen_0.7_from_22th_and_23th_50_fams_25_species"
"avg_branchlen_0.7_protein_family_098.sub"	350000	37000	46533	621	95700	2359	"rerun_sim_b_factor_3.5_avg_branchlen_0.7_from_22th_and_23th_50_fams_25_species"
"avg_branchlen_0.7_protein_family_099.sub"	301000	28900	39248	642	89600	2349	"rerun_sim_b_factor_3.5_avg_branchlen_0.7_from_22th_and_23th_50_fams_25_species"
"avg_branchlen_0.7_protein_family_100.sub"	232000	28500	44400	2594	95500	2327	"rerun_sim_b_factor_3.5_avg_branchlen_0.7_from_22th_and_23th_50_fams_25_species"
"avg_branchlen_0.7_protein_family_001.sub"	226000	28000	24887	658	72100	1938	"rerun_sim_b_factor_3.5_avg_branchlen_0.7_from_23th_50_fams_25_species"
"avg_branchlen_0.7_protein_family_002.sub"	212000	28900	31299	621	77600	1886	"rerun_sim_b_factor_3.5_avg_branchlen_0.7_from_23th_50_fams_25_species"
"avg_branchlen_0.7_protein_family_003.sub"	211000	27800	28368	561	66200	2072	"rerun_sim_b_factor_3.5_avg_branchlen_0.7_from_23th_50_fams_25_species"
"avg_branchlen_0.7_protein_family_004.sub"	210000	27700	31566	649	78000	2114	"rerun_sim_b_factor_3.5_avg_branchlen_0.7_from_23th_50_fams_25_species"
"avg_branchlen_0.7_protein_family_005.sub"	264000	35500	33237	607	71200	2155	"rerun_sim_b_factor_3.5_avg_branchlen_0.7_from_23th_50_fams_25_species"
"avg_branchlen_0.7_protein_family_006.sub"	232000	33100	44897	680	81400	1751	"rerun_sim_b_factor_3.5_avg_branchlen_0.7_from_23th_50_fams_25_species"
"avg_branchlen_0.7_protein_family_007.sub"	225000	35900	22146	682	73500	2164	"rerun_sim_b_factor_3.5_avg_branchlen_0.7_from_23th_50_fams_25_species"
"avg_branchlen_0.7_protein_family_008.sub"	238000	34900	27644	627	63100	1893	"rerun_sim_b_factor_3.5_avg_branchlen_0.7_from_23th_50_fams_25_species"
"avg_branchlen_0.7_protein_family_009.sub"	201000	27600	39068	611	80200	2006	"rerun_sim_b_factor_3.5_avg_branchlen_0.7_from_23th_50_fams_25_species"
"avg_branchlen_0.7_protein_family_010.sub"	247000	32900	35323	694	94500	2240	"rerun_sim_b_factor_3.5_avg_branchlen_0.7_from_23th_50_fams_25_species"
"avg_branchlen_0.7_protein_family_011.sub"	301000	34700	23893	814	73200	2138	"rerun_sim_b_factor_3.5_avg_branchlen_0.7_from_23th_50_fams_25_species"
"avg_branchlen_0.7_protein_family_012.sub"	251000	27900	34639	710	74800	1713	"rerun_sim_b_factor_3.5_avg_branchlen_0.7_from_23th_50_fams_25_species"
"avg_branchlen_0.7_protein_family_013.sub"	187000	33500	30962	530	79600	2029	"rerun_sim_b_factor_3.5_avg_branchlen_0.7_from_23th_50_fams_25_species"
"avg_branchlen_0.7_protein_family_014.sub"	220000	30500	29565	636	74000	2222	"rerun_sim_b_factor_3.5_avg_branchlen_0.7_from_23th_50_fams_25_species"
"avg_branchlen_0.7_protein_family_015.sub"	188000	34200	33192	687	74300	2105	"rerun_sim_b_factor_3.5_avg_branchlen_0.7_from_23th_50_fams_25_species"
"avg_branchlen_0.7_protein_family_016.sub"	275000	33900	33630	610	73600	1930	"rerun_sim_b_factor_3.5_avg_branchlen_0.7_from_23th_50_fams_25_species"
"avg_branchlen_0.7_protein_family_017.sub"	186000	27800	33705	575	68800	2263	"rerun_sim_b_factor_3.5_avg_branchlen_0.7_from_23th_50_fams_25_species"
"avg_branchlen_0.7_protein_family_018.sub"	259000	32400	27886	756	74300	1977	"rerun_sim_b_factor_3.5_avg_branchlen_0.7_from_23th_50_fams_25_species"
"avg_branchlen_0.7_protein_family_019.sub"	168000	35600	28458	538	70100	2205	"rerun_sim_b_factor_3.5_avg_branchlen_0.7_from_23th_50_fams_25_species"
"avg_branchlen_0.7_protein_family_020.sub"	192000	38800	28995	613	70000	2048	"rerun_sim_b_factor_3.5_avg_branchlen_0.7_from_23th_50_fams_25_species"
"avg_branchlen_0.7_protein_family_021.sub"	183000	28500	22769	754	71600	2216	"rerun_sim_b_factor_3.5_avg_branchlen_0.7_from_23th_50_fams_25_species"
"avg_branchlen_0.7_protein_family_022.sub"	226000	35800	23996	580	71800	2025	"rerun_sim_b_factor_3.5_avg_branchlen_0.7_from_23th_50_fams_25_species"
"avg_branchlen_0.7_protein_family_023.sub"	214000	27600	27326	845	74400	1845	"rerun_sim_b_factor_3.5_avg_branchlen_0.7_from_23th_50_fams_25_species"
"avg_branchlen_0.7_protein_family_024.sub"	169000	27700	25828	609	64800	1879	"rerun_sim_b_factor_3.5_avg_branchlen_0.7_from_23th_50_fams_25_species"
"avg_branchlen_0.7_protein_family_025.sub"	196000	33900	25661	533	74000	1774	"rerun_sim_b_factor_3.5_avg_branchlen_0.7_from_23th_50_fams_25_species"
"avg_branchlen_0.7_protein_family_026.sub"	215000	28200	28843	630	72600	2006	"rerun_sim_b_factor_3.5_avg_branchlen_0.7_from_23th_50_fams_25_species"
"avg_branchlen_0.7_protein_family_027.sub"	202000	30200	21644	697	64500	2032	"rerun_sim_b_factor_3.5_avg_branchlen_0.7_from_23th_50_fams_25_species"
"avg_branchlen_0.7_protein_family_028.sub"	237000	35400	33269	641	75600	2281	"rerun_sim_b_factor_3.5_avg_branchlen_0.7_from_23th_50_fams_25_species"
"avg_branchlen_0.7_protein_family_029.sub"	245000	34200	24035	618	67800	1894	"rerun_sim_b_factor_3.5_avg_branchlen_0.7_from_23th_50_fams_25_species"
"avg_branchlen_0.7_protein_family_030.sub"	215000	33300	25506	587	73600	1992	"rerun_sim_b_factor_3.5_avg_branchlen_0.7_from_23th_50_fams_25_species"
"avg_branchlen_0.7_protein_family_031.sub"	215000	33700	27617	599	72300	1737	"rerun_sim_b_factor_3.5_avg_branchlen_0.7_from_23th_50_fams_25_species"
"avg_branchlen_0.7_protein_family_032.sub"	250000	33100	24172	652	69700	2067	"rerun_sim_b_factor_3.5_avg_branchlen_0.7_from_23th_50_fams_25_species"
"avg_branchlen_0.7_protein_family_033.sub"	244000	28600	25198	681	80200	2238	"rerun_sim_b_factor_3.5_avg_branchlen_0.7_from_23th_50_fams_25_species"
"avg_branchlen_0.7_protein_family_034.sub"	205000	34900	22341	714	66800	2137	"rerun_sim_b_factor_3.5_avg_branchlen_0.7_from_23th_50_fams_25_species"
"avg_branchlen_0.7_protein_family_035.sub"	202000	35300	28585	568	70300	1707	"rerun_sim_b_factor_3.5_avg_branchlen_0.7_from_23th_50_fams_25_species"
"avg_branchlen_0.7_protein_family_036.sub"	219000	33900	23072	690	77900	2040	"rerun_sim_b_factor_3.5_avg_branchlen_0.7_from_23th_50_fams_25_species"
"avg_branchlen_0.7_protein_family_037.sub"	208000	28400	30998	680	77500	2284	"rerun_sim_b_factor_3.5_avg_branchlen_0.7_from_23th_50_fams_25_species"
"avg_branchlen_0.7_protein_family_038.sub"	225000	33700	34408	579	72100	1952	"rerun_sim_b_factor_3.5_avg_branchlen_0.7_from_23th_50_fams_25_species"
"avg_branchlen_0.7_protein_family_039.sub"	216000	34000	25265	546	75400	2205	"rerun_sim_b_factor_3.5_avg_branchlen_0.7_from_23th_50_fams_25_species"
"avg_branchlen_0.7_protein_family_040.sub"	165000	30100	29431	701	77300	2222	"rerun_sim_b_factor_3.5_avg_branchlen_0.7_from_23th_50_fams_25_species"
"avg_branchlen_0.7_protein_family_041.sub"	251000	38300	29232	614	76500	2075	"rerun_sim_b_factor_3.5_avg_branchlen_0.7_from_23th_50_fams_25_species"
"avg_branchlen_0.7_protein_family_042.sub"	177000	33400	26262	576	66300	1934	"rerun_sim_b_factor_3.5_avg_branchlen_0.7_from_23th_50_fams_25_species"
"avg_branchlen_0.7_protein_family_043.sub"	193000	36900	23356	638	79200	2128	"rerun_sim_b_factor_3.5_avg_branchlen_0.7_from_23th_50_fams_25_species"
"avg_branchlen_0.7_protein_family_044.sub"	260000	32700	29626	607	74400	1994	"rerun_sim_b_factor_3.5_avg_branchlen_0.7_from_23th_50_fams_25_species"
"avg_branchlen_0.7_protein_family_045.sub"	246000	37500	29087	571	73700	1894	"rerun_sim_b_factor_3.5_avg_branchlen_0.7_from_23th_50_fams_25_species"
"avg_branchlen_0.7_protein_family_046.sub"	222000	28500	35693	576	79200	2388	"rerun_sim_b_factor_3.5_avg_branchlen_0.7_from_23th_50_fams_25_species"
"avg_branchlen_0.7_protein_family_047.sub"	194000	28400	23027	610	67400	2096	"rerun_sim_b_factor_3.5_avg_branchlen_0.7_from_23th_50_fams_25_species"
"avg_branchlen_0.7_protein_family_048.sub"	188000	28100	22936	709	67400	2225	"rerun_sim_b_factor_3.5_avg_branchlen_0.7_from_23th_50_fams_25_species"
"avg_branchlen_0.7_protein_family_049.sub"	250000	33500	30795	711	63300	2153	"rerun_sim_b_factor_3.5_avg_branchlen_0.7_from_23th_50_fams_25_species"
"avg_branchlen_0.7_protein_family_050.sub"	201000	28600	21205	644	71100	2125	"rerun_sim_b_factor_3.5_avg_branchlen_0.7_from_23th_50_fams_25_species"
"avg_branchlen_0.7_protein_family_051.sub"	267000	33700	26686	668	73600	2208	"rerun_sim_b_factor_3.5_avg_branchlen_0.7_from_23th_50_fams_25_species"
"avg_branchlen_0.7_protein_family_052.sub"	241000	34600	29171	552	62200	2273	"rerun_sim_b_factor_3.5_avg_branchlen_0.7_from_23th_50_fams_25_species"
"avg_branchlen_0.7_protein_family_053.sub"	291000	37400	34248	802	83700	2012	"rerun_sim_b_factor_3.5_avg_branchlen_0.7_from_23th_50_fams_25_species"
"avg_branchlen_0.7_protein_family_054.sub"	154000	28200	30070	653	69200	2192	"rerun_sim_b_factor_3.5_avg_branchlen_0.7_from_23th_50_fams_25_species"
"avg_branchlen_0.7_protein_family_055.sub"	256000	34600	22457	575	75100	1890	"rerun_sim_b_factor_3.5_avg_branchlen_0.7_from_23th_50_fams_25_species"
"avg_branchlen_0.7_protein_family_056.sub"	268000	33500	40086	768	74000	2135	"rerun_sim_b_factor_3.5_avg_branchlen_0.7_from_23th_50_fams_25_species"
"avg_branchlen_0.7_protein_family_057.sub"	291000	34900	38796	680	88000	2227	"rerun_sim_b_factor_3.5_avg_branchlen_0.7_from_23th_50_fams_25_species"
"avg_branchlen_0.7_protein_family_058.sub"	252000	36400	29410	747	66500	2193	"rerun_sim_b_factor_3.5_avg_branchlen_0.7_from_23th_50_fams_25_species"
"avg_branchlen_0.7_protein_family_059.sub"	250000	35100	23126	597	75200	1632	"rerun_sim_b_factor_3.5_avg_branchlen_0.7_from_23th_50_fams_25_species"
"avg_branchlen_0.7_protein_family_060.sub"	195000	35600	29582	645	71800	2111	"rerun_sim_b_factor_3.5_avg_branchlen_0.7_from_23th_50_fams_25_species"
"avg_branchlen_0.7_protein_family_061.sub"	296000	32600	27202	682	73100	2187	"rerun_sim_b_factor_3.5_avg_branchlen_0.7_from_23th_50_fams_25_species"
"avg_branchlen_0.7_protein_family_062.sub"	167000	27900	27194	665	78800	2154	"rerun_sim_b_factor_3.5_avg_branchlen_0.7_from_23th_50_fams_25_species"
"avg_branchlen_0.7_protein_family_063.sub"	246000	33300	32289	570	70000	1924	"rerun_sim_b_factor_3.5_avg_branchlen_0.7_from_23th_50_fams_25_species"
"avg_branchlen_0.7_protein_family_064.sub"	225000	33400	28614	684	68300	2029	"rerun_sim_b_factor_3.5_avg_branchlen_0.7_from_23th_50_fams_25_species"
"avg_branchlen_0.7_protein_family_065.sub"	232000	34100	21932	644	78500	2188	"rerun_sim_b_factor_3.5_avg_branchlen_0.7_from_23th_50_fams_25_species"
"avg_branchlen_0.7_protein_family_066.sub"	224000	33000	20606	655	71600	2321	"rerun_sim_b_factor_3.5_avg_branchlen_0.7_from_23th_50_fams_25_species"
"avg_branchlen_0.7_protein_family_067.sub"	207000	35100	28175	758	72800	2117	"rerun_sim_b_factor_3.5_avg_branchlen_0.7_from_23th_50_fams_25_species"
"avg_branchlen_0.7_protein_family_068.sub"	235000	35100	22089	570	80600	1998	"rerun_sim_b_factor_3.5_avg_branchlen_0.7_from_23th_50_fams_25_species"
"avg_branchlen_0.7_protein_family_069.sub"	214000	35000	26281	563	67800	2119	"rerun_sim_b_factor_3.5_avg_branchlen_0.7_from_23th_50_fams_25_species"
"avg_branchlen_0.7_protein_family_070.sub"	297000	28700	35386	668	70900	1663	"rerun_sim_b_factor_3.5_avg_branchlen_0.7_from_23th_50_fams_25_species"
"avg_branchlen_0.7_protein_family_071.sub"	273000	34100	31742	624	75900	1912	"rerun_sim_b_factor_3.5_avg_branchlen_0.7_from_23th_50_fams_25_species"
"avg_branchlen_0.7_protein_family_072.sub"	2e+05	27700	27328	699	77700	2308	"rerun_sim_b_factor_3.5_avg_branchlen_0.7_from_23th_50_fams_25_species"
"avg_branchlen_0.7_protein_family_073.sub"	227000	33500	31346	616	64500	2072	"rerun_sim_b_factor_3.5_avg_branchlen_0.7_from_23th_50_fams_25_species"
"avg_branchlen_0.7_protein_family_074.sub"	236000	34700	27687	608	68100	2031	"rerun_sim_b_factor_3.5_avg_branchlen_0.7_from_23th_50_fams_25_species"
"avg_branchlen_0.7_protein_family_075.sub"	212000	36400	26780	551	72300	2059	"rerun_sim_b_factor_3.5_avg_branchlen_0.7_from_23th_50_fams_25_species"
"avg_branchlen_0.7_protein_family_076.sub"	217000	33400	29624	537	82100	2182	"rerun_sim_b_factor_3.5_avg_branchlen_0.7_from_23th_50_fams_25_species"
"avg_branchlen_0.7_protein_family_077.sub"	195000	34300	32932	651	74600	2347	"rerun_sim_b_factor_3.5_avg_branchlen_0.7_from_23th_50_fams_25_species"
"avg_branchlen_0.7_protein_family_078.sub"	224000	33100	18183	853	74100	1931	"rerun_sim_b_factor_3.5_avg_branchlen_0.7_from_23th_50_fams_25_species"
"avg_branchlen_0.7_protein_family_079.sub"	216000	33500	23001	708	77100	1805	"rerun_sim_b_factor_3.5_avg_branchlen_0.7_from_23th_50_fams_25_species"
"avg_branchlen_0.7_protein_family_080.sub"	264000	36700	24888	571	71000	2094	"rerun_sim_b_factor_3.5_avg_branchlen_0.7_from_23th_50_fams_25_species"
"avg_branchlen_0.7_protein_family_081.sub"	299000	33500	29050	731	73700	1932	"rerun_sim_b_factor_3.5_avg_branchlen_0.7_from_23th_50_fams_25_species"
"avg_branchlen_0.7_protein_family_082.sub"	309000	34400	28481	610	70700	1754	"rerun_sim_b_factor_3.5_avg_branchlen_0.7_from_23th_50_fams_25_species"
"avg_branchlen_0.7_protein_family_083.sub"	261000	32900	25920	601	63100	2140	"rerun_sim_b_factor_3.5_avg_branchlen_0.7_from_23th_50_fams_25_species"
"avg_branchlen_0.7_protein_family_084.sub"	217000	34200	29422	691	71000	2119	"rerun_sim_b_factor_3.5_avg_branchlen_0.7_from_23th_50_fams_25_species"
"avg_branchlen_0.7_protein_family_085.sub"	256000	33500	25735	618	62600	1800	"rerun_sim_b_factor_3.5_avg_branchlen_0.7_from_23th_50_fams_25_species"
"avg_branchlen_0.7_protein_family_086.sub"	245000	27600	34073	585	75900	2148	"rerun_sim_b_factor_3.5_avg_branchlen_0.7_from_23th_50_fams_25_species"
"avg_branchlen_0.7_protein_family_087.sub"	226000	33800	22671	741	69100	2037	"rerun_sim_b_factor_3.5_avg_branchlen_0.7_from_23th_50_fams_25_species"
"avg_branchlen_0.7_protein_family_088.sub"	235000	34800	29966	736	77200	2154	"rerun_sim_b_factor_3.5_avg_branchlen_0.7_from_23th_50_fams_25_species"
"avg_branchlen_0.7_protein_family_089.sub"	153000	32300	29216	657	72400	1970	"rerun_sim_b_factor_3.5_avg_branchlen_0.7_from_23th_50_fams_25_species"
"avg_branchlen_0.7_protein_family_090.sub"	201000	34100	27484	767	74300	2122	"rerun_sim_b_factor_3.5_avg_branchlen_0.7_from_23th_50_fams_25_species"
"avg_branchlen_0.7_protein_family_091.sub"	282000	34700	29336	661	61600	2274	"rerun_sim_b_factor_3.5_avg_branchlen_0.7_from_23th_50_fams_25_species"
"avg_branchlen_0.7_protein_family_092.sub"	222000	34400	38284	653	88000	2146	"rerun_sim_b_factor_3.5_avg_branchlen_0.7_from_23th_50_fams_25_species"
"avg_branchlen_0.7_protein_family_093.sub"	225000	34500	30441	758	74900	2111	"rerun_sim_b_factor_3.5_avg_branchlen_0.7_from_23th_50_fams_25_species"
"avg_branchlen_0.7_protein_family_094.sub"	225000	27600	27132	700	66400	1912	"rerun_sim_b_factor_3.5_avg_branchlen_0.7_from_23th_50_fams_25_species"
"avg_branchlen_0.7_protein_family_095.sub"	257000	28000	34283	580	69800	1963	"rerun_sim_b_factor_3.5_avg_branchlen_0.7_from_23th_50_fams_25_species"
"avg_branchlen_0.7_protein_family_096.sub"	269000	35000	38196	578	70000	2154	"rerun_sim_b_factor_3.5_avg_branchlen_0.7_from_23th_50_fams_25_species"
"avg_branchlen_0.7_protein_family_097.sub"	3e+05	28400	23593	575	71900	2090	"rerun_sim_b_factor_3.5_avg_branchlen_0.7_from_23th_50_fams_25_species"
"avg_branchlen_0.7_protein_family_098.sub"	297000	34400	37101	616	75400	2241	"rerun_sim_b_factor_3.5_avg_branchlen_0.7_from_23th_50_fams_25_species"
"avg_branchlen_0.7_protein_family_099.sub"	189000	34000	48316	797	75900	2196	"rerun_sim_b_factor_3.5_avg_branchlen_0.7_from_23th_50_fams_25_species"
"avg_branchlen_0.7_protein_family_100.sub"	238000	28900	29558	614	69600	2062	"rerun_sim_b_factor_3.5_avg_branchlen_0.7_from_23th_50_fams_25_species"
